{
    "parent": "builtin/entity",
    "gui_light": "side",
    "textures": {
        "particle": "block/oak_planks"
    },
    "display": {
        "thirdperson_righthand": {
            "rotation": [0, 270, 0],
            "translation": [0, 2.5, 0],
            "scale":[0.375, 0.375, 0.375]
        },
		"firstperson_righthand": {
			"rotation": [0, -45, 0],
			"scale": [0.4, 0.4, 0.4]
        },
        "gui": {
            "rotation": [30, -45, 0],
            "translation": [0, -3.25, 0],
            "scale":[0.52, 0.52, 0.52]
        },
        "ground": {
            "rotation": [0, 0, 0],
            "translation": [0, 3, 0],
            "scale":[0.25, 0.25, 0.25]
        },
        "head": {
            "rotation": [0, 180, 0],
            "translation": [0, 16, 7],
            "scale":[1.5, 1.5, 1.5]
        },
		"fixed": {
			"rotation": [0, 180, 0],
			"translation": [0, -4, 1],
			"scale": [0.5, 0.5, 0.5]
        }
    }
}
