{   
    "parent": "block/template_campfire",
    "gui_light": "front",
    "display": {
        "gui": {
            "rotation": [30, 135, 0],
            "translation": [0, 0, 0],
            "scale":[0.625, 0.625, 0.625]
        },
        "ground": {
            "rotation": [0, 0, 0],
            "translation": [0, 3, 0],
            "scale":[0.25, 0.25, 0.25]
        },
        "fixed": {
            "rotation": [0, 0, 0],
            "translation": [0, 0, 1],
            "scale":[0.75, 0.75, 0.75]
        },
        "thirdperson_righthand": {
            "rotation": [75, 45, 0],
            "translation": [0, 2.5, 0],
            "scale": [0.375, 0.375, 0.375]
        },
        "firstperson_righthand": {
            "rotation": [0, 135, 0],
            "translation": [0, 0, 0],
            "scale": [0.4, 0.4, 0.4]
        },
        "head": {
            "rotation": [0, 0, 0],
            "translation": [0, 14, 0],
            "scale": [1, 1, 1]
        }
    }
}
