{   
    "parent": "block/template_candle",
    "display": {
        "gui": {
            "rotation": [30, 135, 0],
            "translation": [0, 2.5, 0],
            "scale":[0.9375, 0.9375, 0.9375]
        },
        "thirdperson_righthand": {
            "rotation": [75, 45, 0],
            "translation": [0, 2.5, 2],
            "scale": [0.375, 0.375, 0.375]
        },
        "firstperson_righthand": {
            "rotation": [0, 135, 0],
            "translation": [0, 2.5, 0],
            "scale": [0.4, 0.4, 0.4]
        },
        "head": {
            "rotation": [0, 0, 0],
            "translation": [0, 14, 0],
            "scale": [1, 1, 1]
        }
    }
}
