{
	"parent": "item/templates/boat",
	"texture_size": [128, 128],
	"textures": {
		"particle": "#chest_boat"
	},
	"elements": [
		{
			"name": "boat",
			"from": [0, 0, -6],
			"to": [16, 3, 22],
			"rotation": {"angle": 0, "axis": "y", "origin": [0, 0, -3]},
			"faces": {
				"north": {"uv": [0.375, 2.375, 0, 0.375], "rotation": 270, "texture": "#chest_boat"},
				"east": {"uv": [7.375, 0, 3.875, 0.375], "texture": "#chest_boat"},
				"south": {"uv": [4.25, 2.375, 3.875, 0.375], "rotation": 90, "texture": "#chest_boat"},
				"west": {"uv": [0.375, 0, 3.875, 0.375], "texture": "#chest_boat"},
				"up": {"uv": [4.25, 0.375, 7.75, 2.375], "rotation": 270, "texture": "#chest_boat"},
				"down": {"uv": [0.375, 0.375, 3.875, 2.375], "rotation": 270, "texture": "#chest_boat"}
			}
		},
		{
			"name": "boat",
			"from": [0, 3, 22],
			"to": [16, 9, 24],
			"rotation": {"angle": 0, "axis": "y", "origin": [0, 0, -3]},
			"faces": {
				"north": {"uv": [0.25, 3.625, 2.25, 4.375], "texture": "#chest_boat"},
				"east": {"uv": [0, 3.625, 0.25, 4.375], "texture": "#chest_boat"},
				"south": {"uv": [2.5, 3.625, 4.5, 4.375], "texture": "#chest_boat"},
				"west": {"uv": [2.25, 3.625, 2.5, 4.375], "texture": "#chest_boat"},
				"up": {"uv": [2.25, 3.625, 0.25, 3.375], "texture": "#chest_boat"},
				"down": {"uv": [4.25, 3.375, 2.25, 3.625], "texture": "#chest_boat"}
			}
		},
		{
			"name": "boat",
			"from": [-1, 3, -8],
			"to": [17, 9, -6],
			"rotation": {"angle": 0, "axis": "y", "origin": [0, 0, -3]},
			"faces": {
				"north": {"uv": [2.75, 2.625, 5, 3.375], "texture": "#chest_boat"},
				"east": {"uv": [2.5, 2.625, 2.75, 3.375], "texture": "#chest_boat"},
				"south": {"uv": [0.25, 2.625, 2.5, 3.375], "texture": "#chest_boat"},
				"west": {"uv": [0, 2.625, 0.25, 3.375], "texture": "#chest_boat"},
				"up": {"uv": [2.5, 2.625, 0.25, 2.375], "rotation": 180, "texture": "#chest_boat"},
				"down": {"uv": [4.75, 2.375, 2.5, 2.625], "rotation": 180, "texture": "#chest_boat"}
			}
		},
		{
			"name": "boat",
			"from": [-2, 3, -6],
			"to": [0, 9, 22],
			"rotation": {"angle": 0, "axis": "y", "origin": [0, 0, -3]},
			"faces": {
				"north": {"uv": [3.75, 4.625, 4, 5.375], "texture": "#chest_boat"},
				"east": {"uv": [0.25, 4.625, 3.75, 5.375], "texture": "#chest_boat"},
				"south": {"uv": [0, 4.625, 0.25, 5.375], "texture": "#chest_boat"},
				"west": {"uv": [4, 4.625, 7.5, 5.375], "texture": "#chest_boat"},
				"up": {"uv": [3.75, 4.625, 0.25, 4.375], "rotation": 90, "texture": "#chest_boat"},
				"down": {"uv": [7.25, 4.375, 3.75, 4.625], "rotation": 270, "texture": "#chest_boat"}
			}
		},
		{
			"name": "boat",
			"from": [16, 3, -6],
			"to": [18, 9, 22],
			"rotation": {"angle": 0, "axis": "y", "origin": [0, 0, -3]},
			"faces": {
				"north": {"uv": [0, 5.625, 0.25, 6.375], "texture": "#chest_boat"},
				"east": {"uv": [4, 5.625, 7.5, 6.375], "texture": "#chest_boat"},
				"south": {"uv": [3.75, 5.625, 4, 6.375], "texture": "#chest_boat"},
				"west": {"uv": [0.25, 5.625, 3.75, 6.375], "texture": "#chest_boat"},
				"up": {"uv": [3.75, 5.625, 0.25, 5.375], "rotation": 270, "texture": "#chest_boat"},
				"down": {"uv": [7.25, 5.375, 3.75, 5.625], "rotation": 90, "texture": "#chest_boat"}
			}
		},
		{
			"name": "paddle_left",
			"from": [-6.5, -3.75, 10],
			"to": [-4.5, 14.25, 12],
			"rotation": {"angle": -22.5, "axis": "z", "origin": [0, 0, -3]},
			"faces": {
				"north": {"uv": [10.5, 2.25, 10.25, 0], "texture": "#chest_boat"},
				"east": {"uv": [10.25, 2.5, 12.5, 2.25], "rotation": 90, "texture": "#chest_boat"},
				"south": {"uv": [10.25, 0, 10, 2.25], "rotation": 180, "texture": "#chest_boat"},
				"west": {"uv": [7.75, 2.25, 10, 2.5], "rotation": 270, "texture": "#chest_boat"},
				"up": {"uv": [10, 2.25, 10.25, 2.5], "texture": "#chest_boat"},
				"down": {"uv": [12.5, 2.25, 12.75, 2.5], "rotation": 180, "texture": "#chest_boat"}
			}
		},
		{
			"name": "paddle_left",
			"from": [-6.51, -5.75, 9],
			"to": [-5.51, 1.25, 15],
			"rotation": {"angle": -22.5, "axis": "z", "origin": [0, 0, -3]},
			"faces": {
				"north": {"uv": [8.75, 0, 8.875, 0.875], "rotation": 180, "texture": "#chest_boat"},
				"east": {"uv": [8.75, 0.875, 9.625, 1.625], "rotation": 90, "texture": "#chest_boat"},
				"south": {"uv": [8.75, 0.875, 8.625, 0], "texture": "#chest_boat"},
				"west": {"uv": [7.75, 0.875, 8.625, 1.625], "rotation": 270, "texture": "#chest_boat"},
				"up": {"uv": [8.625, 0.875, 8.75, 1.625], "rotation": 180, "texture": "#chest_boat"},
				"down": {"uv": [9.625, 0.875, 9.75, 1.625], "texture": "#chest_boat"}
			}
		},
		{
			"name": "paddle_right",
			"from": [19.25, -10.25, 10],
			"to": [21.25, 7.75, 12],
			"rotation": {"angle": 22.5, "axis": "z", "origin": [0, 0, -3]},
			"faces": {
				"north": {"uv": [10.5, 2.5, 10.25, 4.75], "rotation": 180, "texture": "#chest_boat"},
				"east": {"uv": [7.75, 4.75, 10, 5], "rotation": 270, "texture": "#chest_boat"},
				"south": {"uv": [10.25, 4.75, 10, 2.5], "texture": "#chest_boat"},
				"west": {"uv": [10.25, 4.75, 12.5, 5], "rotation": 90, "texture": "#chest_boat"},
				"up": {"uv": [10, 4.75, 10.25, 5], "rotation": 180, "texture": "#chest_boat"},
				"down": {"uv": [12.5, 4.75, 12.75, 5], "texture": "#chest_boat"}
			}
		},
		{
			"name": "paddle_right",
			"from": [20.26, -12.25, 9],
			"to": [21.26, -5.25, 15],
			"rotation": {"angle": 22.5, "axis": "z", "origin": [0, 0, -3]},
			"faces": {
				"north": {"uv": [8.75, 3.375, 8.625, 2.5], "texture": "#chest_boat"},
				"east": {"uv": [8.75, 3.375, 9.625, 4.125], "rotation": 90, "texture": "#chest_boat"},
				"south": {"uv": [8.875, 2.5, 8.75, 3.375], "rotation": 180, "texture": "#chest_boat"},
				"west": {"uv": [7.75, 3.375, 8.625, 4.125], "rotation": 270, "texture": "#chest_boat"},
				"up": {"uv": [8.625, 3.375, 8.75, 4.125], "texture": "#chest_boat"},
				"down": {"uv": [9.625, 3.375, 9.75, 4.125], "rotation": 180, "texture": "#chest_boat"}
			}
		},
		{
			"name": "chest",
			"from": [2, 3, -6],
			"to": [14, 11, 6],
			"faces": {
				"north": {"uv": [4.5, 11, 6, 12], "texture": "#chest_boat"},
				"east": {"uv": [3, 11, 4.5, 12], "texture": "#chest_boat"},
				"south": {"uv": [1.5, 11, 3, 12], "texture": "#chest_boat"},
				"west": {"uv": [0, 11, 1.5, 12], "texture": "#chest_boat"},
				"up": {"uv": [3, 11, 1.5, 9.5], "rotation": 180, "texture": "#chest_boat"},
				"down": {"uv": [4.5, 9.5, 3, 11], "rotation": 180, "texture": "#chest_boat"}
			}
		},
		{
			"name": "chest",
			"from": [2, 10, -6],
			"to": [14, 15, 6],
			"faces": {
				"north": {"uv": [4.5, 8.875, 6, 9.5], "texture": "#chest_boat"},
				"east": {"uv": [3, 8.875, 4.5, 9.5], "texture": "#chest_boat"},
				"south": {"uv": [1.5, 8.875, 3, 9.5], "texture": "#chest_boat"},
				"west": {"uv": [0, 8.875, 1.5, 9.5], "texture": "#chest_boat"},
				"up": {"uv": [3, 8.875, 1.5, 7.375], "rotation": 180, "texture": "#chest_boat"},
				"down": {"uv": [4.5, 7.375, 3, 8.875], "rotation": 180, "texture": "#chest_boat"}
			}
		},
		{
			"name": "chest",
			"from": [7, 8, 6],
			"to": [9, 12, 7],
			"faces": {
				"north": {"uv": [0.5, 7.5, 0.75, 8], "texture": "#chest_boat"},
				"east": {"uv": [0.375, 7.5, 0.5, 8], "texture": "#chest_boat"},
				"south": {"uv": [0.125, 7.5, 0.375, 8], "texture": "#chest_boat"},
				"west": {"uv": [0, 7.5, 0.125, 8], "texture": "#chest_boat"},
				"up": {"uv": [0.375, 7.375, 0.125, 7.5], "rotation": 180, "texture": "#chest_boat"},
				"down": {"uv": [0.625, 7.375, 0.375, 7.5], "rotation": 180, "texture": "#chest_boat"}
			}
		}
	]
}