{
	"parent": "block/block",
	"texture_size": [64, 32],
	"textures": {
		"particle": "#all"
	},
	"elements": [
		{
			"name": "body",
			"from": [3.25, 0.25, 5.25],
			"to": [12.75, 13.75, 10.75],
			"rotation": {"angle": 0, "axis": "y", "origin": [8, 7, 8]},
			"faces": {
				"north": {"uv": [5, 10, 7, 16], "texture": "#all"},
				"east": {"uv": [4, 10, 5, 16], "texture": "#all"},
				"south": {"uv": [8, 10, 10, 16], "texture": "#all"},
				"west": {"uv": [7, 10, 8, 16], "texture": "#all"},
				"up": {"uv": [7, 10, 5, 8], "texture": "#all"},
				"down": {"uv": [9, 8, 7, 10], "texture": "#all"}
			}
		},
		{
			"name": "left_arm",
			"from": [-0.75, 0.252, 5.252],
			"to": [4.75, 13.752, 10.752],
			"rotation": {"angle": 0, "axis": "y", "origin": [2, 7, 8]},
			"faces": {
				"north": {"uv": [12, 10, 11, 16], "texture": "#all"},
				"east": {"uv": [13, 10, 12, 16], "texture": "#all"},
				"south": {"uv": [14, 10, 13, 16], "texture": "#all"},
				"west": {"uv": [11, 10, 10, 16], "texture": "#all"},
				"up": {"uv": [11, 10, 12, 8], "texture": "#all"},
				"down": {"uv": [12, 8, 13, 10], "texture": "#all"}
			}
		},
		{
			"name": "right_arm",
			"from": [11.25, 0.252, 5.252],
			"to": [16.75, 13.752, 10.752],
			"rotation": {"angle": 0, "axis": "y", "origin": [14, 7, 8]},
			"faces": {
				"north": {"uv": [11, 10, 12, 16], "texture": "#all"},
				"east": {"uv": [10, 10, 11, 16], "texture": "#all"},
				"south": {"uv": [13, 10, 14, 16], "texture": "#all"},
				"west": {"uv": [12, 10, 13, 16], "texture": "#all"},
				"up": {"uv": [12, 10, 11, 8], "texture": "#all"},
				"down": {"uv": [13, 8, 12, 10], "texture": "#all"}
			}
		},
		{
			"name": "body",
			"from": [12.748, 0.252, 5.252],
			"to": [3.252, 13.756, 10.756],
			"rotation": {"angle": 0, "axis": "y", "origin": [8, 7, 8]},
			"faces": {
				"north": {"uv": [7, 10, 5, 16], "texture": "#all"},
				"east": {"uv": [5, 10, 4, 16], "texture": "#all"},
				"south": {"uv": [10, 10, 8, 16], "texture": "#all"},
				"west": {"uv": [8, 10, 7, 16], "texture": "#all"},
				"up": {"uv": [5, 10, 7, 8], "texture": "#all"},
				"down": {"uv": [7, 8, 9, 10], "texture": "#all"}
			}
		},
		{
			"name": "left_arm",
			"from": [4.748, 0.254, 5.254],
			"to": [-0.748, 13.758, 10.758],
			"rotation": {"angle": 0, "axis": "y", "origin": [2, 7, 8]},
			"faces": {
				"north": {"uv": [11, 10, 12, 16], "texture": "#all"},
				"east": {"uv": [10, 10, 11, 16], "texture": "#all"},
				"south": {"uv": [13, 10, 14, 16], "texture": "#all"},
				"west": {"uv": [12, 10, 13, 16], "texture": "#all"},
				"up": {"uv": [12, 10, 11, 8], "texture": "#all"},
				"down": {"uv": [13, 8, 12, 10], "texture": "#all"}
			}
		},
		{
			"name": "right_arm",
			"from": [16.748, 0.254, 5.254],
			"to": [11.252, 13.758, 10.758],
			"rotation": {"angle": 0, "axis": "y", "origin": [14, 7, 8]},
			"faces": {
				"north": {"uv": [12, 10, 11, 16], "texture": "#all"},
				"east": {"uv": [13, 10, 12, 16], "texture": "#all"},
				"south": {"uv": [14, 10, 13, 16], "texture": "#all"},
				"west": {"uv": [11, 10, 10, 16], "texture": "#all"},
				"up": {"uv": [11, 10, 12, 8], "texture": "#all"},
				"down": {"uv": [12, 8, 13, 10], "texture": "#all"}
			}
		}
	],
	"display": {
		"thirdperson_righthand": {
			"rotation": [75, 45, 0],
			"translation": [0, 2.5, 0],
			"scale": [0.375, 0.375, 0.375]
		},
		"firstperson_righthand": {
			"rotation": [0, 135, 0],
			"translation": [0, 1, 0],
			"scale": [0.4, 0.4, 0.4]
		},
		"gui": {
			"rotation": [30, 135, 0],
			"translation": [0, -0.5, 0],
			"scale": [0.8, 0.8, 0.8]
		},
		"fixed": {
			"translation": [0, 0.25, 1],
			"scale": [0.75, 0.75, 0.75]
		}
	},
	"groups": [
		0,
		1,
		2,
		{
			"name": "inner_faces",
			"origin": [14, 7, 8],
			"color": 0,
			"children": [3, 4, 5]
		}
	]
}