{
	"parent": "item/templates/chestplate",
	"texture_size": [64, 32],
	"textures": {
		"particle": "#all"
	},
	"elements": [
		{
			"name": "body",
			"from": [3.25, 0.25, 5.25],
			"to": [12.75, 13.75, 10.75],
			"rotation": {"angle": 0, "axis": "y", "origin": [8, 7, 8]},
			"faces": {
				"north": {"uv": [5, 10, 7, 16], "texture": "#all", "tintindex": 0},
				"east": {"uv": [4, 10, 5, 16], "texture": "#all", "tintindex": 0},
				"south": {"uv": [8, 10, 10, 16], "texture": "#all", "tintindex": 0},
				"west": {"uv": [7, 10, 8, 16], "texture": "#all", "tintindex": 0},
				"up": {"uv": [7, 10, 5, 8], "texture": "#all", "tintindex": 0},
				"down": {"uv": [9, 8, 7, 10], "texture": "#all", "tintindex": 0}
			}
		},
		{
			"name": "left_arm",
			"from": [-0.75, 0.252, 5.252],
			"to": [4.75, 13.752, 10.752],
			"rotation": {"angle": 0, "axis": "y", "origin": [2, 7, 8]},
			"faces": {
				"north": {"uv": [12, 10, 11, 16], "texture": "#all", "tintindex": 0},
				"east": {"uv": [13, 10, 12, 16], "texture": "#all", "tintindex": 0},
				"south": {"uv": [14, 10, 13, 16], "texture": "#all", "tintindex": 0},
				"west": {"uv": [11, 10, 10, 16], "texture": "#all", "tintindex": 0},
				"up": {"uv": [11, 10, 12, 8], "texture": "#all", "tintindex": 0},
				"down": {"uv": [12, 8, 13, 10], "texture": "#all", "tintindex": 0}
			}
		},
		{
			"name": "left_arm",
			"from": [11.25, 0.252, 5.252],
			"to": [16.75, 13.752, 10.752],
			"rotation": {"angle": 0, "axis": "y", "origin": [14, 7, 8]},
			"faces": {
				"north": {"uv": [11, 10, 12, 16], "texture": "#all", "tintindex": 0},
				"east": {"uv": [10, 10, 11, 16], "texture": "#all", "tintindex": 0},
				"south": {"uv": [13, 10, 14, 16], "texture": "#all", "tintindex": 0},
				"west": {"uv": [12, 10, 13, 16], "texture": "#all", "tintindex": 0},
				"up": {"uv": [12, 10, 11, 8], "texture": "#all", "tintindex": 0},
				"down": {"uv": [13, 8, 12, 10], "texture": "#all", "tintindex": 0}
			}
		},
		{
			"name": "body",
			"from": [12.748, 0.252, 5.252],
			"to": [3.252, 13.756, 10.756],
			"rotation": {"angle": 0, "axis": "y", "origin": [8, 7, 8]},
			"faces": {
				"north": {"uv": [7, 10, 5, 16], "texture": "#all", "tintindex": 0},
				"east": {"uv": [5, 10, 4, 16], "texture": "#all", "tintindex": 0},
				"south": {"uv": [10, 10, 8, 16], "texture": "#all", "tintindex": 0},
				"west": {"uv": [8, 10, 7, 16], "texture": "#all", "tintindex": 0},
				"up": {"uv": [5, 10, 7, 8], "texture": "#all", "tintindex": 0},
				"down": {"uv": [7, 8, 9, 10], "texture": "#all", "tintindex": 0}
			}
		},
		{
			"name": "left_arm",
			"from": [4.748, 0.254, 5.254],
			"to": [-0.748, 13.758, 10.758],
			"rotation": {"angle": 0, "axis": "y", "origin": [2, 7, 8]},
			"faces": {
				"north": {"uv": [11, 10, 12, 16], "texture": "#all", "tintindex": 0},
				"east": {"uv": [10, 10, 11, 16], "texture": "#all", "tintindex": 0},
				"south": {"uv": [13, 10, 14, 16], "texture": "#all", "tintindex": 0},
				"west": {"uv": [12, 10, 13, 16], "texture": "#all", "tintindex": 0},
				"up": {"uv": [12, 10, 11, 8], "texture": "#all", "tintindex": 0},
				"down": {"uv": [13, 8, 12, 10], "texture": "#all", "tintindex": 0}
			}
		},
		{
			"name": "left_arm",
			"from": [16.748, 0.254, 5.254],
			"to": [11.252, 13.758, 10.758],
			"rotation": {"angle": 0, "axis": "y", "origin": [14, 7, 8]},
			"faces": {
				"north": {"uv": [12, 10, 11, 16], "texture": "#all", "tintindex": 0},
				"east": {"uv": [13, 10, 12, 16], "texture": "#all", "tintindex": 0},
				"south": {"uv": [14, 10, 13, 16], "texture": "#all", "tintindex": 0},
				"west": {"uv": [11, 10, 10, 16], "texture": "#all", "tintindex": 0},
				"up": {"uv": [11, 10, 12, 8], "texture": "#all", "tintindex": 0},
				"down": {"uv": [12, 8, 13, 10], "texture": "#all", "tintindex": 0}
			}
		},
		{
			"name": "body",
			"from": [3.25, 0.25, 5.25],
			"to": [12.75, 13.75, 10.75],
			"rotation": {"angle": 0, "axis": "y", "origin": [8, 7, 8]},
			"faces": {
				"north": {"uv": [5, 10, 7, 16], "texture": "#overlay"},
				"east": {"uv": [4, 10, 5, 16], "texture": "#overlay"},
				"south": {"uv": [8, 10, 10, 16], "texture": "#overlay"},
				"west": {"uv": [7, 10, 8, 16], "texture": "#overlay"},
				"up": {"uv": [7, 10, 5, 8], "texture": "#overlay"},
				"down": {"uv": [9, 8, 7, 10], "texture": "#overlay"}
			}
		},
		{
			"name": "left_arm",
			"from": [-0.75, 0.252, 5.252],
			"to": [4.75, 13.752, 10.752],
			"rotation": {"angle": 0, "axis": "y", "origin": [2, 7, 8]},
			"faces": {
				"north": {"uv": [12, 10, 11, 16], "texture": "#overlay"},
				"east": {"uv": [13, 10, 12, 16], "texture": "#overlay"},
				"south": {"uv": [14, 10, 13, 16], "texture": "#overlay"},
				"west": {"uv": [11, 10, 10, 16], "texture": "#overlay"},
				"up": {"uv": [11, 10, 12, 8], "texture": "#overlay"},
				"down": {"uv": [12, 8, 13, 10], "texture": "#overlay"}
			}
		},
		{
			"name": "right_arm",
			"from": [11.25, 0.252, 5.252],
			"to": [16.75, 13.752, 10.752],
			"rotation": {"angle": 0, "axis": "y", "origin": [14, 7, 8]},
			"faces": {
				"north": {"uv": [11, 10, 12, 16], "texture": "#overlay"},
				"east": {"uv": [10, 10, 11, 16], "texture": "#overlay"},
				"south": {"uv": [13, 10, 14, 16], "texture": "#overlay"},
				"west": {"uv": [12, 10, 13, 16], "texture": "#overlay"},
				"up": {"uv": [12, 10, 11, 8], "texture": "#overlay"},
				"down": {"uv": [13, 8, 12, 10], "texture": "#overlay"}
			}
		},
		{
			"name": "body",
			"from": [12.748, 0.252, 5.252],
			"to": [3.252, 13.756, 10.756],
			"rotation": {"angle": 0, "axis": "y", "origin": [8, 7, 8]},
			"faces": {
				"north": {"uv": [7, 10, 5, 16], "texture": "#overlay"},
				"east": {"uv": [5, 10, 4, 16], "texture": "#overlay"},
				"south": {"uv": [10, 10, 8, 16], "texture": "#overlay"},
				"west": {"uv": [8, 10, 7, 16], "texture": "#overlay"},
				"up": {"uv": [5, 10, 7, 8], "texture": "#overlay"},
				"down": {"uv": [7, 8, 9, 10], "texture": "#overlay"}
			}
		},
		{
			"name": "left_arm",
			"from": [4.748, 0.254, 5.254],
			"to": [-0.748, 13.758, 10.758],
			"rotation": {"angle": 0, "axis": "y", "origin": [2, 7, 8]},
			"faces": {
				"north": {"uv": [11, 10, 12, 16], "texture": "#overlay"},
				"east": {"uv": [10, 10, 11, 16], "texture": "#overlay"},
				"south": {"uv": [13, 10, 14, 16], "texture": "#overlay"},
				"west": {"uv": [12, 10, 13, 16], "texture": "#overlay"},
				"up": {"uv": [12, 10, 11, 8], "texture": "#overlay"},
				"down": {"uv": [13, 8, 12, 10], "texture": "#overlay"}
			}
		},
		{
			"name": "right_arm",
			"from": [16.748, 0.254, 5.254],
			"to": [11.252, 13.758, 10.758],
			"rotation": {"angle": 0, "axis": "y", "origin": [14, 7, 8]},
			"faces": {
				"north": {"uv": [12, 10, 11, 16], "texture": "#overlay"},
				"east": {"uv": [13, 10, 12, 16], "texture": "#overlay"},
				"south": {"uv": [14, 10, 13, 16], "texture": "#overlay"},
				"west": {"uv": [11, 10, 10, 16], "texture": "#overlay"},
				"up": {"uv": [11, 10, 12, 8], "texture": "#overlay"},
				"down": {"uv": [12, 8, 13, 10], "texture": "#overlay"}
			}
		},
		{
			"name": "body",
			"from": [3.25, 0.25, 5.25],
			"to": [12.75, 13.75, 10.75],
			"rotation": {"angle": 0, "axis": "y", "origin": [8, 7, 8]},
			"faces": {
				"north": {"uv": [5, 10, 7, 16], "texture": "#trim"},
				"east": {"uv": [4, 10, 5, 16], "texture": "#trim"},
				"south": {"uv": [8, 10, 10, 16], "texture": "#trim"},
				"west": {"uv": [7, 10, 8, 16], "texture": "#trim"},
				"up": {"uv": [7, 10, 5, 8], "texture": "#trim"},
				"down": {"uv": [9, 8, 7, 10], "texture": "#trim"}
			}
		},
		{
			"name": "left_arm",
			"from": [-0.75, 0.252, 5.252],
			"to": [4.75, 13.752, 10.752],
			"rotation": {"angle": 0, "axis": "y", "origin": [2, 7, 8]},
			"faces": {
				"north": {"uv": [12, 10, 11, 16], "texture": "#trim"},
				"east": {"uv": [13, 10, 12, 16], "texture": "#trim"},
				"south": {"uv": [14, 10, 13, 16], "texture": "#trim"},
				"west": {"uv": [11, 10, 10, 16], "texture": "#trim"},
				"up": {"uv": [11, 10, 12, 8], "texture": "#trim"},
				"down": {"uv": [12, 8, 13, 10], "texture": "#trim"}
			}
		},
		{
			"name": "right_arm",
			"from": [11.25, 0.252, 5.252],
			"to": [16.75, 13.752, 10.752],
			"rotation": {"angle": 0, "axis": "y", "origin": [14, 7, 8]},
			"faces": {
				"north": {"uv": [11, 10, 12, 16], "texture": "#trim"},
				"east": {"uv": [10, 10, 11, 16], "texture": "#trim"},
				"south": {"uv": [13, 10, 14, 16], "texture": "#trim"},
				"west": {"uv": [12, 10, 13, 16], "texture": "#trim"},
				"up": {"uv": [12, 10, 11, 8], "texture": "#trim"},
				"down": {"uv": [13, 8, 12, 10], "texture": "#trim"}
			}
		},
		{
			"name": "body",
			"from": [12.748, 0.252, 5.252],
			"to": [3.252, 13.756, 10.756],
			"rotation": {"angle": 0, "axis": "y", "origin": [8, 7, 8]},
			"faces": {
				"north": {"uv": [7, 10, 5, 16], "texture": "#trim"},
				"east": {"uv": [5, 10, 4, 16], "texture": "#trim"},
				"south": {"uv": [10, 10, 8, 16], "texture": "#trim"},
				"west": {"uv": [8, 10, 7, 16], "texture": "#trim"},
				"up": {"uv": [5, 10, 7, 8], "texture": "#trim"},
				"down": {"uv": [7, 8, 9, 10], "texture": "#trim"}
			}
		},
		{
			"name": "left_arm",
			"from": [4.748, 0.254, 5.254],
			"to": [-0.748, 13.758, 10.758],
			"rotation": {"angle": 0, "axis": "y", "origin": [2, 7, 8]},
			"faces": {
				"north": {"uv": [11, 10, 12, 16], "texture": "#trim"},
				"east": {"uv": [10, 10, 11, 16], "texture": "#trim"},
				"south": {"uv": [13, 10, 14, 16], "texture": "#trim"},
				"west": {"uv": [12, 10, 13, 16], "texture": "#trim"},
				"up": {"uv": [12, 10, 11, 8], "texture": "#trim"},
				"down": {"uv": [13, 8, 12, 10], "texture": "#trim"}
			}
		},
		{
			"name": "right_arm",
			"from": [16.748, 0.254, 5.254],
			"to": [11.252, 13.758, 10.758],
			"rotation": {"angle": 0, "axis": "y", "origin": [14, 7, 8]},
			"faces": {
				"north": {"uv": [12, 10, 11, 16], "texture": "#trim"},
				"east": {"uv": [13, 10, 12, 16], "texture": "#trim"},
				"south": {"uv": [14, 10, 13, 16], "texture": "#trim"},
				"west": {"uv": [11, 10, 10, 16], "texture": "#trim"},
				"up": {"uv": [11, 10, 12, 8], "texture": "#trim"},
				"down": {"uv": [12, 8, 13, 10], "texture": "#trim"}
			}
		}
	],
	"groups": [
		0,
		1,
		2,
		{
			"name": "inner_faces",
			"origin": [8, 8, 8],
			"color": 0,
			"children": [3, 4, 5]
		},
		{
			"name": "overlay",
			"origin": [8, 8, 8],
			"color": 0,
			"children": [
				6,
				7,
				8,
				{
					"name": "inner_faces",
					"origin": [8, 8, 8],
					"color": 0,
					"children": [9, 10, 11]
				}
			]
		},
		{
			"name": "trim",
			"origin": [8, 8, 8],
			"color": 0,
			"children": [
				12,
				13,
				14,
				{
					"name": "inner_faces",
					"origin": [8, 8, 8],
					"color": 0,
					"children": [15, 16, 17]
				}
			]
		}
	]
}