{
	"parent": "block/block",
	"textures": {
		"particle": "#top"
	},
	"elements": [
		{
			"from": [0, 16, 6.5],
			"to": [16, 32, 9.5],
			"faces": {
				"north": {"uv": [16, 0, 0, 16], "texture": "#top"},
				"east": {"uv": [0, 0, 3, 16], "texture": "#top", "cullface": "south"},
				"south": {"uv": [0, 0, 16, 16], "texture": "#top", "cullface": "west"},
				"west": {"uv": [3, 0, 0, 16], "texture": "#top", "cullface": "north"},
				"up": {"uv": [0, 3, 16, 0], "texture": "#top", "cullface": "up"}
			}
		},
		{
			"from": [0, 0, 6.5],
			"to": [16, 16, 9.5],
			"faces": {
				"north": {"uv": [16, 0, 0, 16], "texture": "#bottom"},
				"east": {"uv": [0, 0, 3, 16], "texture": "#bottom", "cullface": "south"},
				"south": {"uv": [0, 0, 16, 16], "texture": "#bottom", "cullface": "west"},
				"west": {"uv": [3, 0, 0, 16], "texture": "#bottom", "cullface": "north"},
				"down": {"uv": [16, 13, 0, 16], "rotation": 180, "texture": "#bottom", "cullface": "down"}
			}
		}
	],
	"display": {
		"gui": {
			"rotation": [30, -45, 0],
			"translation": [0, -3.25, 0],
			"scale": [0.46, 0.46, 0.46]
		},
		"head": {
			"rotation": [0, 180, 0],
			"translation": [0, 16, 7],
			"scale": [1.5, 1.5, 1.5]
		},
		"fixed": {
			"rotation": [0, 180, 0],
			"translation": [0, -4, 1],
			"scale": [0.5, 0.5, 0.5]
        },
		"firstperson_righthand": {
			"rotation": [0, -45, 0],
			"translation": [0, 0, 0],
			"scale": [0.4, 0.4, 0.4]
		},
		"thirdperson_righthand": {
			"rotation": [75, 135, 0],
			"translation": [0, 2.5, 0],
			"scale": [0.375, 0.375, 0.375]
        }
    }
}
