{
	"credit": "Made with Blockbench",
	"textures": {
		"0": "block/rail",
		"1": "block/oak_planks",
		"2": "block/activator_rail",
		"particle": "block/rail"
	},
	"elements": [
		{
			"from": [2, 0.75, 0],
			"to": [4, 2.25, 16],
			"faces": {
				"north": {"uv": [12, 0, 14, 1], "texture": "#0"},
				"east": {"uv": [3, 0, 4, 16], "rotation": 90, "texture": "#0"},
				"south": {"uv": [2, 0, 4, 0.875], "texture": "#0"},
				"west": {"uv": [2, 0, 3, 16], "rotation": 270, "texture": "#0"},
				"up": {"uv": [2, 0, 4, 16], "texture": "#0"},
				"down": {"uv": [2, 0, 4, 16], "texture": "#0"}
			}
		},
		{
			"from": [12, 0.75, 0],
			"to": [14, 2.25, 16],
			"faces": {
				"north": {"uv": [2, 0, 4, 1], "texture": "#0"},
				"east": {"uv": [13, 0, 14, 16], "rotation": 90, "texture": "#0"},
				"south": {"uv": [12, 0, 14, 1], "texture": "#0"},
				"west": {"uv": [12, 0, 13, 16], "rotation": 270, "texture": "#0"},
				"up": {"uv": [12, 0, 14, 16], "texture": "#0"},
				"down": {"uv": [12, 0, 14, 16], "texture": "#0"}
			}
		},
		{
			"from": [1, 0, 1],
			"to": [15, 1, 3],
			"faces": {
				"north": {"uv": [1, 2, 15, 3], "texture": "#1"},
				"east": {"uv": [14, 2, 15, 4], "rotation": 90, "texture": "#1"},
				"south": {"uv": [1, 3, 15, 4], "texture": "#1"},
				"west": {"uv": [1, 2, 2, 4], "rotation": 270, "texture": "#1"},
				"up": {"uv": [1, 2, 15, 4], "texture": "#1"},
				"down": {"uv": [1, 2, 15, 4], "rotation": 180, "texture": "#1"}
			}
		},
		{
			"from": [1, 0, 5],
			"to": [15, 1, 7],
			"faces": {
				"north": {"uv": [1, 6, 15, 7], "texture": "#1"},
				"east": {"uv": [14, 6, 15, 8], "rotation": 90, "texture": "#1"},
				"south": {"uv": [1, 7, 15, 8], "texture": "#1"},
				"west": {"uv": [1, 6, 2, 8], "rotation": 270, "texture": "#1"},
				"up": {"uv": [1, 6, 15, 8], "texture": "#1"},
				"down": {"uv": [1, 6, 15, 8], "rotation": 180, "texture": "#1"}
			}
		},
		{
			"from": [1, 0, 9],
			"to": [15, 1, 11],
			"faces": {
				"north": {"uv": [1, 10, 15, 11], "texture": "#1"},
				"east": {"uv": [14, 10, 15, 12], "rotation": 90, "texture": "#1"},
				"south": {"uv": [1, 11, 15, 12], "texture": "#1"},
				"west": {"uv": [1, 10, 2, 12], "rotation": 270, "texture": "#1"},
				"up": {"uv": [1, 10, 15, 12], "texture": "#1"},
				"down": {"uv": [1, 10, 15, 12], "rotation": 180, "texture": "#1"}
			}
		},
		{
			"from": [1, 0, 13],
			"to": [15, 1, 15],
			"faces": {
				"north": {"uv": [1, 14, 15, 15], "texture": "#1"},
				"east": {"uv": [14, 14, 15, 16], "rotation": 90, "texture": "#1"},
				"south": {"uv": [1, 15, 15, 16], "texture": "#1"},
				"west": {"uv": [1, 14, 2, 16], "rotation": 270, "texture": "#1"},
				"up": {"uv": [1, 14, 15, 16], "texture": "#1"},
				"down": {"uv": [1, 14, 15, 16], "rotation": 180, "texture": "#1"}
			}
		},
		{
			"from": [4, 1, 9],
			"to": [6, 2, 11],
			"faces": {
				"north": {"uv": [5, 1, 6, 2], "texture": "#2"},
				"east": {"uv": [5, 1, 6, 3], "rotation": 90, "texture": "#2"},
				"south": {"uv": [5, 2, 6, 3], "texture": "#2"},
				"west": {"uv": [5, 1, 6, 3], "rotation": 270, "texture": "#2"},
				"up": {"uv": [4, 9, 6, 11], "texture": "#2"},
				"down": {"uv": [5, 1, 6, 3], "texture": "#2"}
			}
		},
		{
			"from": [4, 1, 5],
			"to": [6, 2, 7],
			"faces": {
				"north": {"uv": [6, 5, 4, 6], "texture": "#2"},
				"east": {"uv": [5, 5, 6, 7], "rotation": 90, "texture": "#2"},
				"south": {"uv": [4, 6, 6, 7], "texture": "#2"},
				"west": {"uv": [4, 5, 5, 7], "rotation": 270, "texture": "#2"},
				"up": {"uv": [4, 5, 6, 7], "texture": "#2"},
				"down": {"uv": [5, 1, 6, 3], "texture": "#2"}
			}
		},
		{
			"from": [4, 1, 13],
			"to": [6, 2, 15],
			"faces": {
				"north": {"uv": [4, 13, 6, 14], "texture": "#2"},
				"east": {"uv": [5, 13, 6, 15], "rotation": 90, "texture": "#2"},
				"south": {"uv": [4, 14, 6, 15], "texture": "#2"},
				"west": {"uv": [5, 13, 6, 15], "rotation": 270, "texture": "#2"},
				"up": {"uv": [4, 13, 6, 15], "texture": "#2"},
				"down": {"uv": [5, 1, 6, 3], "texture": "#2"}
			}
		},
		{
			"from": [10, 1, 13],
			"to": [12, 2, 15],
			"faces": {
				"north": {"uv": [12, 13, 10, 14], "texture": "#2"},
				"east": {"uv": [11, 13, 12, 15], "rotation": 90, "texture": "#2"},
				"south": {"uv": [10, 14, 12, 15], "texture": "#2"},
				"west": {"uv": [10, 13, 11, 15], "rotation": 270, "texture": "#2"},
				"up": {"uv": [10, 13, 12, 15], "texture": "#2"},
				"down": {"uv": [10, 13, 12, 15], "texture": "#2"}
			}
		},
		{
			"from": [10, 1, 9],
			"to": [12, 2, 11],
			"faces": {
				"north": {"uv": [10, 9, 12, 10], "texture": "#2"},
				"east": {"uv": [11, 9, 12, 11], "rotation": 90, "texture": "#2"},
				"south": {"uv": [10, 10, 12, 11], "texture": "#2"},
				"west": {"uv": [10, 9, 11, 11], "rotation": 270, "texture": "#2"},
				"up": {"uv": [10, 9, 12, 11], "texture": "#2"},
				"down": {"uv": [10, 9, 12, 11], "texture": "#2"}
			}
		},
		{
			"from": [10, 1, 5],
			"to": [12, 2, 7],
			"faces": {
				"north": {"uv": [10, 5, 12, 6], "texture": "#2"},
				"east": {"uv": [11, 5, 12, 7], "rotation": 90, "texture": "#2"},
				"south": {"uv": [10, 6, 12, 7], "texture": "#2"},
				"west": {"uv": [10, 5, 11, 7], "rotation": 270, "texture": "#2"},
				"up": {"uv": [10, 5, 12, 7], "texture": "#2"},
				"down": {"uv": [5, 1, 6, 3], "texture": "#2"}
			}
		},
		{
			"from": [10, 1, 1],
			"to": [12, 2, 3],
			"faces": {
				"north": {"uv": [10, 1, 12, 2], "texture": "#2"},
				"east": {"uv": [11, 1, 12, 3], "rotation": 90, "texture": "#2"},
				"south": {"uv": [10, 2, 12, 3], "texture": "#2"},
				"west": {"uv": [10, 1, 11, 3], "rotation": 270, "texture": "#2"},
				"up": {"uv": [10, 1, 12, 3], "texture": "#2"},
				"down": {"uv": [5, 1, 6, 3], "texture": "#2"}
			}
		},
		{
			"from": [4, 1, 1],
			"to": [6, 2, 3],
			"faces": {
				"north": {"uv": [4, 1, 6, 2], "texture": "#2"},
				"east": {"uv": [5, 1, 6, 3], "rotation": 90, "texture": "#2"},
				"south": {"uv": [4, 2, 6, 3], "texture": "#2"},
				"west": {"uv": [5, 1, 6, 3], "rotation": 270, "texture": "#2"},
				"up": {"uv": [4, 1, 6, 3], "texture": "#2"},
				"down": {"uv": [5, 1, 6, 3], "texture": "#2"}
			}
		},
		{
			"from": [7, 0, 3],
			"to": [9, 1, 5],
			"faces": {
				"east": {"uv": [8, 3, 9, 5], "texture": "#2"},
				"west": {"uv": [7, 3, 8, 5], "rotation": 270, "texture": "#2"},
				"up": {"uv": [7, 3, 9, 5], "texture": "#2"},
				"down": {"uv": [7, 5, 9, 3], "texture": "#2"}
			}
		},
		{
			"from": [7, 0, 7],
			"to": [9, 1, 9],
			"faces": {
				"east": {"uv": [8, 7, 9, 9], "texture": "#2"},
				"west": {"uv": [7, 7, 8, 9], "rotation": 270, "texture": "#2"},
				"up": {"uv": [7, 7, 9, 9], "texture": "#2"},
				"down": {"uv": [7, 9, 9, 7], "texture": "#2"}
			}
		},
		{
			"from": [7, 0, 11],
			"to": [9, 1, 13],
			"faces": {
				"east": {"uv": [8, 11, 9, 13], "texture": "#2"},
				"west": {"uv": [7, 11, 8, 13], "rotation": 270, "texture": "#2"},
				"up": {"uv": [7, 11, 9, 13], "texture": "#2"},
				"down": {"uv": [7, 13, 9, 11], "texture": "#2"}
			}
		}
	]
}