{
	"credit": "Made with Blockbench",
	"textures": {
		"0": "block/rail",
		"1": "block/oak_planks",
		"2": "block/detector_rail_on",
		"particle": "block/rail"
	},
	"elements": [
		{
			"name": "right",
			"from": [12, -0.25, 0],
			"to": [14, 1.25, 23],
			"rotation": {"angle": -45, "axis": "x", "origin": [0, 0, 0]},
			"faces": {
				"north": {"uv": [2, 15, 4, 16], "texture": "#0"},
				"east": {"uv": [12.125, 15, 13.875, 16], "texture": "#0"},
				"south": {"uv": [2.125, 0, 4, 1.5], "texture": "#0"},
				"west": {"uv": [12, 0, 14, 1], "texture": "#0"},
				"up": {"uv": [12, 0, 14, 16], "texture": "#0"},
				"down": {"uv": [2, 0, 4, 16], "texture": "#0"}
			}
		},
		{
			"name": "left",
			"from": [2, -0.25, 0],
			"to": [4, 1.25, 23],
			"rotation": {"angle": -45, "axis": "x", "origin": [0, 0, 0]},
			"faces": {
				"north": {"uv": [12.125, 0, 14, 1], "texture": "#0"},
				"east": {"uv": [2.125, 14.5, 3.75, 16], "texture": "#0"},
				"south": {"uv": [12.125, 14.5, 14, 16], "texture": "#0"},
				"west": {"uv": [2.125, 0, 3.875, 1.5], "texture": "#0"},
				"up": {"uv": [2, 0, 4, 16], "texture": "#0"},
				"down": {"uv": [12, 0, 14, 16], "texture": "#0"}
			}
		},
		{
			"name": "h",
			"from": [1, -0.75, 1.25],
			"to": [15, 0, 4.25],
			"rotation": {"angle": -45, "axis": "x", "origin": [0, 0, 0]},
			"faces": {
				"north": {"uv": [0, 0, 14, 0.75], "texture": "#1"},
				"east": {"uv": [0, 0, 3, 0.75], "texture": "#1"},
				"south": {"uv": [0, 0, 14, 0.75], "texture": "#1"},
				"west": {"uv": [0, 0, 3, 0.75], "texture": "#1"},
				"up": {"uv": [0, 0, 14, 3], "texture": "#1"},
				"down": {"uv": [0, 0, 14, 3], "texture": "#1"}
			}
		},
		{
			"name": "h",
			"from": [1, -0.75, 6.75],
			"to": [15, 0, 9.75],
			"rotation": {"angle": -45, "axis": "x", "origin": [0, 0, 0]},
			"faces": {
				"north": {"uv": [0, 0, 14, 0.75], "texture": "#1"},
				"east": {"uv": [0, 0, 3, 0.75], "texture": "#1"},
				"south": {"uv": [0, 0, 14, 0.75], "texture": "#1"},
				"west": {"uv": [0, 0, 3, 0.75], "texture": "#1"},
				"up": {"uv": [0, 4, 14, 7], "texture": "#1"},
				"down": {"uv": [0, 0, 14, 3], "texture": "#1"}
			}
		},
		{
			"name": "h",
			"from": [1, -0.75, 12.5],
			"to": [15, 0, 15.5],
			"rotation": {"angle": -45, "axis": "x", "origin": [0, 0, 0]},
			"faces": {
				"north": {"uv": [0, 0, 14, 0.75], "texture": "#1"},
				"east": {"uv": [0, 0, 3, 0.75], "texture": "#1"},
				"south": {"uv": [0, 0, 14, 0.75], "texture": "#1"},
				"west": {"uv": [0, 0, 3, 0.75], "texture": "#1"},
				"up": {"uv": [2, 8, 16, 11], "texture": "#1"},
				"down": {"uv": [0, 0, 14, 3], "texture": "#1"}
			}
		},
		{
			"name": "h",
			"from": [1, -0.75, 18.5],
			"to": [15, 0, 21.5],
			"rotation": {"angle": -45, "axis": "x", "origin": [0, 0, 0]},
			"faces": {
				"north": {"uv": [0, 0, 14, 0.75], "texture": "#1"},
				"east": {"uv": [0, 0, 3, 0.75], "texture": "#1"},
				"south": {"uv": [0, 0, 14, 0.75], "texture": "#1"},
				"west": {"uv": [0, 0, 3, 0.75], "texture": "#1"},
				"up": {"uv": [0, 7.625, 14, 10.625], "texture": "#1"},
				"down": {"uv": [0, 0, 14, 3], "texture": "#1"}
			}
		},
		{
			"from": [5, 0, 8.5],
			"to": [11, 1, 14.5],
			"rotation": {"angle": -45, "axis": "x", "origin": [0, 0, 0]},
			"faces": {
				"north": {"uv": [5.125, 5.125, 10.875, 6], "rotation": 180, "texture": "#2"},
				"east": {"uv": [10, 5.125, 11, 11], "rotation": 90, "texture": "#2"},
				"south": {"uv": [5.25, 10.125, 10.875, 10.875], "texture": "#2"},
				"west": {"uv": [5.125, 5.125, 6, 10.875], "rotation": 270, "texture": "#2"},
				"up": {"uv": [5, 5, 11, 11], "texture": "#2"},
				"down": {"uv": [5, 4.875, 11, 10.875], "rotation": 180, "texture": "#2"}
			}
		}
	],
	"groups": [
		{
			"name": "Rail",
			"origin": [8, 8, 8],
			"color": 0,
			"children": [0, 1]
		},
		{
			"name": "Wood",
			"origin": [8, 8, 8],
			"color": 0,
			"children": [2, 3, 4, 5]
		}, 6]
}