{
	"credit": "Made with Blockbench",
	"textures": {
		"0": "block/rail",
		"1": "block/oak_planks",
		"4": "block/powered_rail_on",
		"particle": "block/rail"
	},
	"elements": [
		{
			"name": "right",
			"from": [12, 11.75, -12],
			"to": [14, 13.25, 11],
			"rotation": {"angle": 45, "axis": "x", "origin": [0, 0, 0]},
			"faces": {
				"north": {"uv": [2, 15, 4, 16], "texture": "#0"},
				"east": {"uv": [12.125, 15, 13.875, 16], "texture": "#0"},
				"south": {"uv": [2.125, 0, 4, 1.5], "texture": "#0"},
				"west": {"uv": [12, 0, 14, 1], "texture": "#0"},
				"up": {"uv": [12, 0, 14, 16], "texture": "#0"},
				"down": {"uv": [2, 0, 4, 16], "texture": "#0"}
			}
		},
		{
			"name": "left",
			"from": [2, 11.75, -12],
			"to": [4, 13.75, 11],
			"rotation": {"angle": 45, "axis": "x", "origin": [0, 0, 0]},
			"faces": {
				"north": {"uv": [12.125, 0, 14, 1], "texture": "#0"},
				"east": {"uv": [2.125, 14.5, 3.75, 16], "texture": "#0"},
				"south": {"uv": [12.125, 14.5, 14, 16], "texture": "#0"},
				"west": {"uv": [2.125, 0, 3.875, 1.5], "texture": "#0"},
				"up": {"uv": [2, 0, 4, 16], "texture": "#0"},
				"down": {"uv": [12, 0, 14, 16], "texture": "#0"}
			}
		},
		{
			"name": "h",
			"from": [1, 11.25, -10.75],
			"to": [15, 12, -7.75],
			"rotation": {"angle": 45, "axis": "x", "origin": [0, 0, 0]},
			"faces": {
				"north": {"uv": [0, 0, 14, 0.75], "texture": "#1"},
				"east": {"uv": [0, 0, 3, 0.75], "texture": "#1"},
				"south": {"uv": [0, 0, 14, 0.75], "texture": "#1"},
				"west": {"uv": [0, 0, 3, 0.75], "texture": "#1"},
				"up": {"uv": [0, 0, 14, 3], "texture": "#1"},
				"down": {"uv": [0, 0, 14, 3], "texture": "#1"}
			}
		},
		{
			"name": "h",
			"from": [1, 11.25, -5.25],
			"to": [15, 12, -2.25],
			"rotation": {"angle": 45, "axis": "x", "origin": [0, 0, 0]},
			"faces": {
				"north": {"uv": [0, 0, 14, 0.75], "texture": "#1"},
				"east": {"uv": [0, 0, 3, 0.75], "texture": "#1"},
				"south": {"uv": [0, 0, 14, 0.75], "texture": "#1"},
				"west": {"uv": [0, 0, 3, 0.75], "texture": "#1"},
				"up": {"uv": [0, 4, 14, 7], "texture": "#1"},
				"down": {"uv": [0, 0, 14, 3], "texture": "#1"}
			}
		},
		{
			"name": "h",
			"from": [1, 11.25, 0.5],
			"to": [15, 12, 3.5],
			"rotation": {"angle": 45, "axis": "x", "origin": [0, 0, 0]},
			"faces": {
				"north": {"uv": [0, 0, 14, 0.75], "texture": "#1"},
				"east": {"uv": [0, 0, 3, 0.75], "texture": "#1"},
				"south": {"uv": [0, 0, 14, 0.75], "texture": "#1"},
				"west": {"uv": [0, 0, 3, 0.75], "texture": "#1"},
				"up": {"uv": [2, 8, 16, 11], "texture": "#1"},
				"down": {"uv": [0, 0, 14, 3], "texture": "#1"}
			}
		},
		{
			"name": "h",
			"from": [1, 11.25, 6.5],
			"to": [15, 12, 9.5],
			"rotation": {"angle": 45, "axis": "x", "origin": [0, 0, 0]},
			"faces": {
				"north": {"uv": [0, 0, 14, 0.75], "texture": "#1"},
				"east": {"uv": [0, 0, 3, 0.75], "texture": "#1"},
				"south": {"uv": [0, 0, 14, 0.75], "texture": "#1"},
				"west": {"uv": [0, 0, 3, 0.75], "texture": "#1"},
				"up": {"uv": [0, 7.625, 14, 10.625], "texture": "#1"},
				"down": {"uv": [0, 0, 14, 3], "texture": "#1"}
			}
		},
		{
			"name": "right",
			"from": [11, 11.75, -12],
			"to": [12, 13, 11],
			"rotation": {"angle": 45, "axis": "x", "origin": [0, 0, 0]},
			"faces": {
				"north": {"uv": [4.125, 1.5, 4.875, 2.5], "texture": "#4"},
				"east": {"uv": [4.125, 15, 5, 16], "texture": "#4"},
				"south": {"uv": [11.125, 14.25, 11.875, 14.75], "texture": "#4"},
				"west": {"uv": [11.125, 7.375, 11.75, 8.875], "texture": "#4"},
				"up": {"uv": [11, 0, 11.875, 16], "texture": "#4"},
				"down": {"uv": [4.125, 0, 5, 16], "texture": "#4"}
			}
		},
		{
			"name": "left",
			"from": [4, -11, 11.75],
			"to": [5, 12, 13.5],
			"rotation": {"angle": -45, "axis": "x", "origin": [0, 0, 0]},
			"faces": {
				"north": {"uv": [11, 0, 11.875, 16], "rotation": 180, "texture": "#4"},
				"east": {"uv": [4.125, 15, 5, 16], "rotation": 90, "texture": "#4"},
				"south": {"uv": [4.125, 0, 5, 16], "texture": "#4"},
				"west": {"uv": [11.125, 7.375, 11.75, 8.875], "rotation": 270, "texture": "#4"},
				"up": {"uv": [11.125, 14.25, 11.875, 14.75], "texture": "#4"},
				"down": {"uv": [4.125, 1.5, 4.875, 2.5], "rotation": 180, "texture": "#4"}
			}
		},
		{
			"name": "redl",
			"from": [5, -9.5, 12],
			"to": [6, -6.5, 13],
			"rotation": {"angle": -45, "axis": "x", "origin": [0, 0, 0]},
			"faces": {
				"north": {"uv": [10.125, 1.125, 10.875, 2.75], "rotation": 180, "texture": "#4"},
				"east": {"uv": [7.125, 8, 8.875, 8.875], "rotation": 90, "texture": "#4"},
				"south": {"uv": [5.125, 13, 6, 15], "texture": "#4"},
				"west": {"uv": [7.125, 4, 8.875, 5], "rotation": 270, "texture": "#4"},
				"up": {"uv": [7.125, 12, 8, 12.875], "texture": "#4"},
				"down": {"uv": [8.125, 11.75, 8.875, 12.75], "rotation": 180, "texture": "#4"}
			}
		},
		{
			"name": "redl",
			"from": [10, 7.75, 12],
			"to": [11, 10.75, 13],
			"rotation": {"angle": -45, "axis": "x", "origin": [0, 0, 0]},
			"faces": {
				"north": {"uv": [10.125, 1.125, 10.875, 2.75], "rotation": 180, "texture": "#4"},
				"east": {"uv": [7.125, 8, 8.875, 8.875], "rotation": 90, "texture": "#4"},
				"south": {"uv": [5.125, 13, 6, 15], "texture": "#4"},
				"west": {"uv": [7.125, 4, 8.875, 5], "rotation": 270, "texture": "#4"},
				"up": {"uv": [7.125, 12, 8, 12.875], "texture": "#4"},
				"down": {"uv": [8.125, 11.75, 8.875, 12.75], "rotation": 180, "texture": "#4"}
			}
		},
		{
			"name": "redl",
			"from": [5, -3.5, 12],
			"to": [6, -0.5, 13],
			"rotation": {"angle": -45, "axis": "x", "origin": [0, 0, 0]},
			"faces": {
				"north": {"uv": [10.125, 1.125, 10.875, 2.75], "rotation": 180, "texture": "#4"},
				"east": {"uv": [5.25, 6, 5.875, 6.875], "rotation": 90, "texture": "#4"},
				"south": {"uv": [5.125, 5.125, 5.75, 6.875], "texture": "#4"},
				"west": {"uv": [7.125, 4, 8.875, 5], "rotation": 270, "texture": "#4"},
				"up": {"uv": [7.125, 12, 8, 12.875], "texture": "#4"},
				"down": {"uv": [8.125, 11.75, 8.875, 12.75], "rotation": 180, "texture": "#4"}
			}
		},
		{
			"name": "redl",
			"from": [10, 2.25, 12],
			"to": [11, 5.25, 13],
			"rotation": {"angle": -45, "axis": "x", "origin": [0, 0, 0]},
			"faces": {
				"north": {"uv": [10.125, 1.125, 10.875, 2.75], "rotation": 180, "texture": "#4"},
				"east": {"uv": [5.25, 6, 5.875, 6.875], "rotation": 90, "texture": "#4"},
				"south": {"uv": [5.125, 5.125, 5.75, 6.875], "texture": "#4"},
				"west": {"uv": [7.125, 4, 8.875, 5], "rotation": 270, "texture": "#4"},
				"up": {"uv": [7.125, 12, 8, 12.875], "texture": "#4"},
				"down": {"uv": [8.125, 11.75, 8.875, 12.75], "rotation": 180, "texture": "#4"}
			}
		},
		{
			"name": "redl",
			"from": [5, 2.25, 12],
			"to": [6, 5.25, 13],
			"rotation": {"angle": -45, "axis": "x", "origin": [0, 0, 0]},
			"faces": {
				"north": {"uv": [10.125, 1.125, 10.875, 2.75], "rotation": 180, "texture": "#4"},
				"east": {"uv": [7.25, 7.5, 7.875, 8.375], "rotation": 90, "texture": "#4"},
				"south": {"uv": [10.125, 5.125, 10.75, 6.875], "texture": "#4"},
				"west": {"uv": [7.125, 4, 8.875, 5], "rotation": 270, "texture": "#4"},
				"up": {"uv": [7.125, 12, 8, 12.875], "texture": "#4"},
				"down": {"uv": [8.125, 11.75, 8.875, 12.75], "rotation": 180, "texture": "#4"}
			}
		},
		{
			"name": "redl",
			"from": [10, -1.77817, 15.27817],
			"to": [11, 1.22183, 16.27817],
			"rotation": {"angle": -45, "axis": "x", "origin": [11, 0, 11]},
			"faces": {
				"north": {"uv": [10.125, 5.125, 10.75, 6.875], "rotation": 180, "texture": "#4"},
				"east": {"uv": [7.25, 7.5, 7.875, 8.375], "rotation": 270, "texture": "#4"},
				"south": {"uv": [10.125, 1.125, 10.875, 2.75], "texture": "#4"},
				"west": {"uv": [7.125, 4, 8.875, 5], "rotation": 90, "texture": "#4"},
				"up": {"uv": [8.125, 11.75, 8.875, 12.75], "rotation": 180, "texture": "#4"},
				"down": {"uv": [7.125, 12, 8, 12.875], "texture": "#4"}
			}
		},
		{
			"name": "redl",
			"from": [5, 7.75, 12],
			"to": [6, 10.75, 13],
			"rotation": {"angle": -45, "axis": "x", "origin": [0, 0, 0]},
			"faces": {
				"north": {"uv": [10.125, 1.125, 10.875, 2.75], "rotation": 180, "texture": "#4"},
				"east": {"uv": [7.25, 7.5, 7.875, 8.375], "rotation": 90, "texture": "#4"},
				"south": {"uv": [10.25, 13.125, 10.875, 14.875], "texture": "#4"},
				"west": {"uv": [7.125, 4, 8.875, 5], "rotation": 270, "texture": "#4"},
				"up": {"uv": [7.125, 12, 8, 12.875], "texture": "#4"},
				"down": {"uv": [8.125, 11.75, 8.875, 12.75], "rotation": 180, "texture": "#4"}
			}
		},
		{
			"name": "redl",
			"from": [10, -3.5, 12],
			"to": [11, -0.5, 13],
			"rotation": {"angle": -45, "axis": "x", "origin": [0, 0, 0]},
			"faces": {
				"north": {"uv": [10.125, 1.125, 10.875, 2.75], "rotation": 180, "texture": "#4"},
				"east": {"uv": [7.25, 7.5, 7.875, 8.375], "rotation": 90, "texture": "#4"},
				"south": {"uv": [10.25, 13.125, 10.875, 14.875], "texture": "#4"},
				"west": {"uv": [7.125, 4, 8.875, 5], "rotation": 270, "texture": "#4"},
				"up": {"uv": [7.125, 12, 8, 12.875], "texture": "#4"},
				"down": {"uv": [8.125, 11.75, 8.875, 12.75], "rotation": 180, "texture": "#4"}
			}
		},
		{
			"name": "redm",
			"from": [7, -9.25, 11.5],
			"to": [9, 10.25, 11.75],
			"rotation": {"angle": -45, "axis": "x", "origin": [0, 0, 0]},
			"faces": {
				"north": {"uv": [10.125, 1.125, 10.875, 2.75], "rotation": 180, "texture": "#4"},
				"east": {"uv": [7.25, 12.25, 8.75, 12.75], "rotation": 90, "texture": "#4"},
				"south": {"uv": [7, 1, 9, 14.875], "texture": "#4"},
				"west": {"uv": [7.125, 4, 8.875, 5], "rotation": 270, "texture": "#4"},
				"up": {"uv": [7.125, 1.125, 9.125, 1.375], "texture": "#4"},
				"down": {"uv": [7, 14.5, 9, 14.75], "rotation": 180, "texture": "#4"}
			}
		}
	],
	"groups": [
		{
			"name": "Rail",
			"origin": [8, 8, 8],
			"color": 0,
			"children": [0, 1]
		},
		{
			"name": "Wood",
			"origin": [8, 8, 8],
			"color": 0,
			"children": [2, 3, 4, 5]
		}, 6, 7,
		{
			"name": "red bits",
			"origin": [8, 8, 8],
			"color": 0,
			"children": [8, 9, 10, 11, 12, 13, 14, 15, 16]
		}
	]
}