{
	"credit": "Made with Blockbench",
	"textures": {
		"0": "block/rail",
		"1": "block/oak_planks",
		"particle": "block/rail"
	},
	"elements": [
		{
			"from": [2, 0.5, 0],
			"to": [4, 2, 16],
			"faces": {
				"north": {"uv": [12, 0, 14, 1], "texture": "#0"},
				"east": {"uv": [3, 0, 4, 16], "rotation": 90, "texture": "#0"},
				"south": {"uv": [2, 0, 4, 1], "texture": "#0"},
				"west": {"uv": [2, 0, 3, 16], "rotation": 270, "texture": "#0"},
				"up": {"uv": [2, 0, 4, 16], "texture": "#0"},
				"down": {"uv": [2, 0, 4, 16], "texture": "#0"}
			}
		},
		{
			"from": [12, 0.5, 0],
			"to": [14, 2, 16],
			"faces": {
				"north": {"uv": [2, 0, 4, 1], "texture": "#0"},
				"east": {"uv": [13, 0, 14, 16], "rotation": 90, "texture": "#0"},
				"south": {"uv": [12, 0, 14, 1], "texture": "#0"},
				"west": {"uv": [12, 0, 13, 16], "rotation": 270, "texture": "#0"},
				"up": {"uv": [12, 0, 14, 16], "texture": "#0"},
				"down": {"uv": [12, 0, 14, 16], "texture": "#0"}
			}
		},
		{
			"from": [1, 0, 1],
			"to": [15, 1, 3],
			"faces": {
				"north": {"uv": [1, 2, 15, 3], "texture": "#1"},
				"east": {"uv": [14, 2, 15, 4], "rotation": 90, "texture": "#1"},
				"south": {"uv": [1, 3, 15, 4], "texture": "#1"},
				"west": {"uv": [1, 2, 2, 4], "rotation": 270, "texture": "#1"},
				"up": {"uv": [1, 2, 15, 4], "texture": "#1"},
				"down": {"uv": [1, 2, 15, 4], "rotation": 180, "texture": "#1"}
			}
		},
		{
			"from": [1, 0, 5],
			"to": [15, 1, 7],
			"faces": {
				"north": {"uv": [1, 6, 15, 7], "texture": "#1"},
				"east": {"uv": [14, 6, 15, 8], "rotation": 90, "texture": "#1"},
				"south": {"uv": [1, 7, 15, 8], "texture": "#1"},
				"west": {"uv": [1, 6, 2, 8], "rotation": 270, "texture": "#1"},
				"up": {"uv": [1, 6, 15, 8], "texture": "#1"},
				"down": {"uv": [1, 6, 15, 8], "rotation": 180, "texture": "#1"}
			}
		},
		{
			"from": [1, 0, 9],
			"to": [15, 1, 11],
			"faces": {
				"north": {"uv": [1, 10, 15, 11], "texture": "#1"},
				"east": {"uv": [14, 10, 15, 12], "rotation": 90, "texture": "#1"},
				"south": {"uv": [1, 11, 15, 12], "texture": "#1"},
				"west": {"uv": [1, 10, 2, 12], "rotation": 270, "texture": "#1"},
				"up": {"uv": [1, 10, 15, 12], "texture": "#1"},
				"down": {"uv": [1, 10, 15, 12], "rotation": 180, "texture": "#1"}
			}
		},
		{
			"from": [1, 0, 13],
			"to": [15, 1, 15],
			"faces": {
				"north": {"uv": [1, 14, 15, 15], "texture": "#1"},
				"east": {"uv": [14, 14, 15, 16], "rotation": 90, "texture": "#1"},
				"south": {"uv": [1, 15, 15, 16], "texture": "#1"},
				"west": {"uv": [1, 14, 2, 16], "rotation": 270, "texture": "#1"},
				"up": {"uv": [1, 14, 15, 16], "texture": "#1"},
				"down": {"uv": [1, 14, 15, 16], "rotation": 180, "texture": "#1"}
			}
		}
	]
}