{
	"parent": "block/block",
	"elements": [
		{
			"name": "Center post",
			"from": [14, 0, 6],
			"to": [18, 16, 10],
			"faces": {
				"north": {"uv": [0, 0, 4, 16], "texture": "#texture"},
				"east": {"uv": [0, 0, 4, 16], "texture": "#texture"},
				"south": {"uv": [0, 0, 4, 16], "texture": "#texture"},
				"west": {"uv": [0, 0, 4, 16], "texture": "#texture"},
				"up": {"uv": [4, 0, 8, 4], "texture": "#texture", "cullface": "up"},
				"down": {"uv": [4, 0, 8, 4], "texture": "#texture", "cullface": "up"}
			}
		},
		{
			"name": "Center post",
			"from": [-2, 0, 6],
			"to": [2, 16, 10],
			"faces": {
				"north": {"uv": [0, 0, 4, 16], "texture": "#texture"},
				"east": {"uv": [0, 0, 4, 16], "texture": "#texture"},
				"south": {"uv": [0, 0, 4, 16], "texture": "#texture"},
				"west": {"uv": [0, 0, 4, 16], "texture": "#texture"},
				"up": {"uv": [4, 0, 8, 4], "texture": "#texture", "cullface": "up"},
				"down": {"uv": [4, 0, 8, 4], "texture": "#texture", "cullface": "up"}
			}
		},
		{
			"name": "top bar",
			"from": [-1, 12, 7],
			"to": [8, 15, 9],
			"faces": {
				"north": {"uv": [4, 4, 13, 7], "texture": "#texture"},
				"south": {"uv": [4, 4, 13, 7], "texture": "#texture"},
				"up": {"uv": [13, 7, 15, 16], "rotation": 270, "texture": "#texture"},
				"down": {"uv": [15, 16, 13, 7], "rotation": 270, "texture": "#texture"}
			}
		},
		{
			"name": "top bar",
			"from": [8, 12, 7],
			"to": [17, 15, 9],
			"faces": {
				"north": {"uv": [4, 4, 13, 7], "texture": "#texture"},
				"south": {"uv": [4, 4, 13, 7], "texture": "#texture"},
				"up": {"uv": [13, 7, 15, 16], "rotation": 270, "texture": "#texture"},
				"down": {"uv": [13, 7, 15, 16], "rotation": 90, "texture": "#texture"}
			}
		},
		{
			"name": "lower bar",
			"from": [-1, 6, 7],
			"to": [8, 9, 9],
			"faces": {
				"north": {"uv": [4, 4, 13, 7], "texture": "#texture"},
				"south": {"uv": [4, 4, 13, 7], "texture": "#texture"},
				"up": {"uv": [13, 7, 15, 16], "rotation": 270, "texture": "#texture"},
				"down": {"uv": [15, 16, 13, 7], "rotation": 270, "texture": "#texture"}
			}
		},
		{
			"name": "lower bar",
			"from": [8, 6, 7],
			"to": [17, 9, 9],
			"faces": {
				"north": {"uv": [4, 4, 13, 7], "texture": "#texture"},
				"south": {"uv": [4, 4, 13, 7], "texture": "#texture"},
				"up": {"uv": [13, 7, 15, 16], "rotation": 270, "texture": "#texture"},
				"down": {"uv": [13, 7, 15, 16], "rotation": 90, "texture": "#texture"}
			}
		}
	]
}