{
	"parent": "block/block",
	"textures": {
		"particle": "#texture"
	},
	"elements": [
		{
			"name": "Center post",
			"from": [14, 0, 6],
			"to": [18, 16, 10],
			"faces": {
				"north": {"uv": [6, 0, 10, 16], "texture": "#texture"},
				"east": {"uv": [6, 0, 10, 16], "texture": "#texture"},
				"south": {"uv": [6, 0, 10, 16], "texture": "#texture"},
				"west": {"uv": [6, 0, 10, 16], "texture": "#texture"},
				"up": {"uv": [6, 6, 10, 10], "texture": "#texture", "cullface": "up"},
				"down": {"uv": [6, 6, 10, 10], "texture": "#texture", "cullface": "up"}
			}
		},
		{
			"name": "Center post",
			"from": [-2, 0, 6],
			"to": [2, 16, 10],
			"faces": {
				"north": {"uv": [6, 0, 10, 16], "texture": "#texture"},
				"east": {"uv": [6, 0, 10, 16], "texture": "#texture"},
				"south": {"uv": [6, 0, 10, 16], "texture": "#texture"},
				"west": {"uv": [6, 0, 10, 16], "texture": "#texture"},
				"up": {"uv": [6, 6, 10, 10], "texture": "#texture", "cullface": "up"},
				"down": {"uv": [6, 6, 10, 10], "texture": "#texture", "cullface": "up"}
			}
		},
		{
			"name": "top bar",
			"from": [-1, 12, 7],
			"to": [8, 15, 9],
			"faces": {
				"north": {"uv": [0, 1, 9, 4], "texture": "#texture"},
				"south": {"uv": [0, 1, 9, 4], "texture": "#texture"},
				"up": {"uv": [7, 7, 16, 9], "texture": "#texture"},
				"down": {"uv": [9, 9, 0, 7], "rotation": 180, "texture": "#texture"}
			}
		},
		{
			"name": "top bar",
			"from": [8, 12, 7],
			"to": [17, 15, 9],
			"faces": {
				"north": {"uv": [0, 1, 9, 4], "texture": "#texture"},
				"south": {"uv": [0, 1, 9, 4], "texture": "#texture"},
				"up": {"uv": [0, 7, 9, 9], "texture": "#texture"},
				"down": {"uv": [7, 7, 16, 9], "texture": "#texture"}
			}
		},
		{
			"name": "lower bar",
			"from": [-1, 6, 7],
			"to": [8, 9, 9],
			"faces": {
				"north": {"uv": [0, 7, 9, 10], "texture": "#texture"},
				"south": {"uv": [0, 7, 9, 10], "texture": "#texture"},
				"up": {"uv": [7, 7, 16, 9], "texture": "#texture"},
				"down": {"uv": [9, 9, 0, 7], "rotation": 180, "texture": "#texture"}
			}
		},
		{
			"name": "lower bar",
			"from": [8, 6, 7],
			"to": [17, 9, 9],
			"faces": {
				"north": {"uv": [0, 7, 9, 10], "texture": "#texture"},
				"south": {"uv": [0, 7, 9, 10], "texture": "#texture"},
				"up": {"uv": [0, 7, 9, 9], "texture": "#texture"},
				"down": {"uv": [7, 7, 16, 9], "texture": "#texture"}
			}
		}
	]
}