{
	"credit": "Model by MicTePKotik",
	"textures": {
		"0": "block/weathered_copper_bulb_lit_powered",
		"4": "block/weathered_copper",
		"particle": "block/weathered_copper_bulb_lit_powered"
	},
	"elements": [
		{
			"from": [0, 1, 0],
			"to": [4, 4, 4],
			"faces": {
				"north": {"uv": [12, 12, 16, 15], "texture": "#0"},
				"east": {"uv": [12, 12, 16, 15], "texture": "#0"},
				"south": {"uv": [12, 12, 16, 15], "texture": "#0"},
				"west": {"uv": [0, 12, 4, 15], "texture": "#0"},
				"up": {"uv": [12, 12, 16, 15], "texture": "#0"},
				"down": {"uv": [12, 12, 16, 15], "texture": "#0"}
			}
		},
		{
			"from": [0, 0, 0],
			"to": [16, 1, 16],
			"faces": {
				"north": {"uv": [0, 15, 16, 16], "texture": "#0"},
				"east": {"uv": [0, 15, 16, 16], "texture": "#0"},
				"south": {"uv": [0, 15, 16, 16], "texture": "#0"},
				"west": {"uv": [0, 15, 16, 16], "texture": "#0"},
				"up": {"uv": [0, 15, 16, 16], "texture": "#0"},
				"down": {"uv": [0, 0, 16, 16], "texture": "#4"}
			}
		},
		{
			"from": [12, 1, 0],
			"to": [16, 4, 4],
			"faces": {
				"north": {"uv": [0, 12, 4, 15], "texture": "#0"},
				"east": {"uv": [12, 12, 16, 15], "texture": "#0"},
				"south": {"uv": [12, 12, 16, 15], "texture": "#0"},
				"west": {"uv": [12, 12, 16, 15], "texture": "#0"},
				"up": {"uv": [12, 12, 16, 15], "texture": "#0"},
				"down": {"uv": [12, 12, 16, 15], "texture": "#0"}
			}
		},
		{
			"from": [12, 1, 12],
			"to": [16, 4, 16],
			"faces": {
				"north": {"uv": [0, 0, 4, 3], "texture": "#0"},
				"east": {"uv": [0, 12, 4, 15], "texture": "#0"},
				"south": {"uv": [12, 12, 16, 15], "texture": "#0"},
				"west": {"uv": [0, 0, 4, 3], "texture": "#0"},
				"up": {"uv": [0, 0, 4, 3], "texture": "#0"},
				"down": {"uv": [0, 0, 4, 3], "texture": "#0"}
			}
		},
		{
			"from": [9, 1, 9],
			"to": [12, 7, 12],
			"faces": {
				"north": {"uv": [0, 0, 3, 6], "texture": "#missing"},
				"east": {"uv": [4, 9, 7, 15], "texture": "#0"},
				"south": {"uv": [9, 9, 12, 15], "texture": "#0"},
				"west": {"uv": [0, 0, 3, 6], "texture": "#missing"},
				"up": {"uv": [0, 0, 3, 3], "texture": "#missing"},
				"down": {"uv": [0, 0, 3, 3], "texture": "#missing"}
			}
		},
		{
			"from": [4, 1, 9],
			"to": [7, 7, 12],
			"faces": {
				"north": {"uv": [0, 0, 3, 6], "texture": "#missing"},
				"east": {"uv": [0, 0, 3, 6], "texture": "#missing"},
				"south": {"uv": [4, 9, 7, 15], "texture": "#0"},
				"west": {"uv": [9, 9, 12, 15], "texture": "#0"},
				"up": {"uv": [0, 0, 3, 3], "texture": "#missing"},
				"down": {"uv": [0, 0, 3, 3], "texture": "#missing"}
			}
		},
		{
			"from": [9, 1, 4],
			"to": [12, 7, 7],
			"faces": {
				"north": {"uv": [4, 9, 7, 15], "texture": "#0"},
				"east": {"uv": [9, 9, 12, 15], "texture": "#0"},
				"south": {"uv": [0, 0, 3, 6], "texture": "#missing"},
				"west": {"uv": [0, 0, 3, 6], "texture": "#missing"},
				"up": {"uv": [0, 0, 3, 3], "texture": "#missing"},
				"down": {"uv": [0, 0, 3, 3], "texture": "#missing"}
			}
		},
		{
			"from": [4, 1, 4],
			"to": [7, 7, 7],
			"faces": {
				"north": {"uv": [4, 9, 7, 15], "texture": "#0"},
				"east": {"uv": [0, 0, 3, 6], "texture": "#missing"},
				"south": {"uv": [0, 0, 3, 6], "texture": "#missing"},
				"west": {"uv": [4, 9, 7, 15], "texture": "#0"},
				"up": {"uv": [0, 0, 3, 3], "texture": "#missing"},
				"down": {"uv": [0, 0, 3, 3], "texture": "#missing"}
			}
		},
		{
			"from": [4, 9, 9],
			"to": [7, 15, 12],
			"faces": {
				"north": {"uv": [0, 0, 3, 6], "texture": "#missing"},
				"east": {"uv": [0, 0, 3, 6], "texture": "#missing"},
				"south": {"uv": [4, 1, 7, 7], "texture": "#0"},
				"west": {"uv": [9, 1, 12, 7], "texture": "#0"},
				"up": {"uv": [0, 0, 3, 3], "texture": "#missing"},
				"down": {"uv": [0, 0, 3, 3], "texture": "#missing"}
			}
		},
		{
			"from": [9, 9, 9],
			"to": [12, 15, 12],
			"faces": {
				"north": {"uv": [0, 0, 3, 6], "texture": "#missing"},
				"east": {"uv": [4, 1, 7, 7], "texture": "#0"},
				"south": {"uv": [9, 1, 12, 7], "texture": "#0"},
				"west": {"uv": [0, 0, 3, 6], "texture": "#missing"},
				"up": {"uv": [0, 0, 3, 3], "texture": "#missing"},
				"down": {"uv": [0, 0, 3, 3], "texture": "#missing"}
			}
		},
		{
			"from": [9, 9, 4],
			"to": [12, 15, 7],
			"faces": {
				"north": {"uv": [4, 1, 7, 7], "texture": "#0"},
				"east": {"uv": [9, 1, 12, 7], "texture": "#0"},
				"south": {"uv": [0, 0, 3, 6], "texture": "#missing"},
				"west": {"uv": [0, 0, 3, 6], "texture": "#missing"},
				"up": {"uv": [0, 0, 3, 3], "texture": "#missing"},
				"down": {"uv": [0, 0, 3, 3], "texture": "#missing"}
			}
		},
		{
			"from": [4, 9, 4],
			"to": [7, 15, 7],
			"faces": {
				"north": {"uv": [9, 1, 12, 7], "texture": "#0"},
				"east": {"uv": [0, 0, 3, 6], "texture": "#missing"},
				"south": {"uv": [0, 0, 3, 6], "texture": "#missing"},
				"west": {"uv": [4, 1, 7, 7], "texture": "#0"},
				"up": {"uv": [0, 0, 3, 3], "texture": "#missing"},
				"down": {"uv": [0, 0, 3, 3], "texture": "#missing"}
			}
		},
		{
			"from": [12, 12, 12],
			"to": [16, 15, 16],
			"faces": {
				"north": {"uv": [12, 1, 16, 4], "texture": "#0"},
				"east": {"uv": [0, 1, 4, 4], "texture": "#0"},
				"south": {"uv": [12, 1, 16, 4], "texture": "#0"},
				"west": {"uv": [12, 1, 16, 4], "texture": "#0"},
				"up": {"uv": [12, 1, 16, 4], "texture": "#0"},
				"down": {"uv": [12, 1, 16, 4], "texture": "#0"}
			}
		},
		{
			"from": [0, 12, 12],
			"to": [4, 15, 16],
			"faces": {
				"north": {"uv": [0, 1, 4, 4], "texture": "#0"},
				"east": {"uv": [0, 1, 4, 4], "texture": "#0"},
				"south": {"uv": [0, 1, 4, 4], "texture": "#0"},
				"west": {"uv": [12, 1, 16, 4], "texture": "#0"},
				"up": {"uv": [0, 1, 4, 4], "texture": "#0"},
				"down": {"uv": [0, 1, 4, 4], "texture": "#0"}
			}
		},
		{
			"from": [0, 12, 0],
			"to": [4, 15, 4],
			"faces": {
				"north": {"uv": [12, 1, 16, 4], "texture": "#0"},
				"east": {"uv": [12, 1, 16, 4], "texture": "#0"},
				"south": {"uv": [12, 1, 16, 4], "texture": "#0"},
				"west": {"uv": [0, 1, 4, 4], "texture": "#0"},
				"up": {"uv": [12, 1, 16, 4], "texture": "#0"},
				"down": {"uv": [12, 1, 16, 4], "texture": "#0"}
			}
		},
		{
			"from": [12, 12, 0],
			"to": [16, 15, 4],
			"faces": {
				"north": {"uv": [0, 1, 4, 4], "texture": "#0"},
				"east": {"uv": [12, 1, 16, 4], "texture": "#0"},
				"south": {"uv": [12, 1, 16, 4], "texture": "#0"},
				"west": {"uv": [12, 1, 16, 4], "texture": "#0"},
				"up": {"uv": [12, 1, 16, 4], "texture": "#0"},
				"down": {"uv": [12, 1, 16, 4], "texture": "#0"}
			}
		},
		{
			"from": [0, 15, 0],
			"to": [16, 16, 16],
			"faces": {
				"north": {"uv": [0, 0, 16, 1], "texture": "#0"},
				"east": {"uv": [0, 0, 16, 1], "texture": "#0"},
				"south": {"uv": [0, 0, 16, 1], "texture": "#0"},
				"west": {"uv": [0, 0, 16, 1], "texture": "#0"},
				"up": {"uv": [0, 0, 16, 16], "texture": "#4"},
				"down": {"uv": [0, 0, 16, 1], "texture": "#0"}
			}
		},
		{
			"from": [0, 1, 12],
			"to": [4, 4, 16],
			"faces": {
				"north": {"uv": [0, 12, 4, 15], "texture": "#0"},
				"east": {"uv": [0, 12, 4, 15], "texture": "#0"},
				"south": {"uv": [0, 12, 4, 15], "texture": "#0"},
				"west": {"uv": [12, 12, 16, 15], "texture": "#0"},
				"up": {"uv": [0, 12, 4, 15], "texture": "#0"},
				"down": {"uv": [0, 12, 4, 15], "texture": "#0"}
			}
		},
		{
			"from": [0, 7, 0],
			"to": [7, 9, 7],
			"faces": {
				"north": {"uv": [9, 7, 16, 9], "texture": "#0"},
				"east": {"uv": [0, 0, 7, 2], "texture": "#4"},
				"south": {"uv": [0, 0, 7, 2], "texture": "#4"},
				"west": {"uv": [0, 7, 7, 9], "texture": "#0"},
				"up": {"uv": [0, 0, 7, 7], "texture": "#4"},
				"down": {"uv": [0, 0, 7, 7], "texture": "#4"}
			}
		},
		{
			"from": [9, 7, 0],
			"to": [16, 9, 7],
			"faces": {
				"north": {"uv": [0, 7, 7, 9], "texture": "#0"},
				"east": {"uv": [9, 7, 16, 9], "texture": "#0"},
				"south": {"uv": [0, 0, 7, 2], "texture": "#4"},
				"west": {"uv": [0, 0, 7, 2], "texture": "#4"},
				"up": {"uv": [0, 0, 7, 7], "texture": "#4"},
				"down": {"uv": [0, 0, 7, 7], "texture": "#4"}
			}
		},
		{
			"from": [7, 9, 0],
			"to": [9, 15, 7],
			"faces": {
				"north": {"uv": [7, 1, 9, 7], "texture": "#0"},
				"east": {"uv": [0, 0, 7, 6], "texture": "#4"},
				"south": {"uv": [0, 0, 2, 6], "texture": "#missing"},
				"west": {"uv": [0, 0, 7, 6], "texture": "#4"},
				"up": {"uv": [0, 0, 2, 7], "texture": "#missing"},
				"down": {"uv": [0, 0, 2, 7], "texture": "#4"}
			}
		},
		{
			"from": [7, 1, 0],
			"to": [9, 7, 7],
			"faces": {
				"north": {"uv": [7, 9, 9, 15], "texture": "#0"},
				"east": {"uv": [7, 9, 9, 15], "texture": "#0"},
				"south": {"uv": [7, 9, 9, 15], "texture": "#0"},
				"west": {"uv": [7, 9, 9, 15], "texture": "#0"},
				"up": {"uv": [7, 9, 9, 15], "texture": "#0"},
				"down": {"uv": [7, 9, 9, 15], "texture": "#0"}
			}
		},
		{
			"from": [9, 7, 9],
			"to": [16, 9, 16],
			"faces": {
				"north": {"uv": [0, 0, 7, 2], "texture": "#4"},
				"east": {"uv": [0, 7, 7, 9], "texture": "#0"},
				"south": {"uv": [9, 7, 16, 9], "texture": "#0"},
				"west": {"uv": [0, 0, 7, 2], "texture": "#4"},
				"up": {"uv": [0, 0, 7, 7], "texture": "#4"},
				"down": {"uv": [0, 0, 7, 7], "texture": "#4"}
			}
		},
		{
			"from": [0, 7, 9],
			"to": [7, 9, 16],
			"faces": {
				"north": {"uv": [0, 7, 7, 9], "texture": "#4"},
				"east": {"uv": [0, 0, 7, 2], "texture": "#4"},
				"south": {"uv": [1, 7, 8, 9], "texture": "#0"},
				"west": {"uv": [9, 7, 16, 9], "texture": "#0"},
				"up": {"uv": [0, 0, 7, 7], "texture": "#4"},
				"down": {"uv": [0, 0, 7, 7], "texture": "#4"}
			}
		},
		{
			"from": [7, 9, 9],
			"to": [9, 15, 16],
			"faces": {
				"north": {"uv": [0, 0, 2, 6], "texture": "#missing"},
				"east": {"uv": [0, 0, 7, 6], "texture": "#4"},
				"south": {"uv": [7, 1, 9, 7], "texture": "#0"},
				"west": {"uv": [0, 0, 7, 6], "texture": "#4"},
				"up": {"uv": [0, 0, 2, 7], "texture": "#missing"},
				"down": {"uv": [0, 0, 2, 7], "texture": "#4"}
			}
		},
		{
			"from": [7, 1, 9],
			"to": [9, 7, 16],
			"faces": {
				"north": {"uv": [0, 0, 2, 6], "texture": "#missing"},
				"east": {"uv": [0, 0, 7, 6], "texture": "#4"},
				"south": {"uv": [7, 9, 9, 15], "texture": "#0"},
				"west": {"uv": [0, 0, 7, 6], "texture": "#4"},
				"up": {"uv": [0, 0, 2, 7], "texture": "#4"},
				"down": {"uv": [0, 0, 2, 7], "texture": "#missing"}
			}
		},
		{
			"from": [0, 1, 7],
			"to": [16, 7, 9],
			"faces": {
				"north": {"uv": [0, 0, 16, 6], "texture": "#4"},
				"east": {"uv": [7, 9, 9, 15], "texture": "#0"},
				"south": {"uv": [0, 0, 16, 6], "texture": "#4"},
				"west": {"uv": [7, 9, 9, 15], "texture": "#0"},
				"up": {"uv": [0, 14, 16, 16], "texture": "#4"},
				"down": {"uv": [0, 0, 16, 2], "texture": "#missing"}
			}
		},
		{
			"from": [0, 9, 7],
			"to": [16, 15, 9],
			"faces": {
				"north": {"uv": [0, 0, 16, 6], "texture": "#4"},
				"east": {"uv": [7, 1, 9, 7], "texture": "#0"},
				"south": {"uv": [0, 0, 16, 6], "texture": "#4"},
				"west": {"uv": [7, 1, 9, 7], "texture": "#0"},
				"up": {"uv": [0, 0, 16, 2], "texture": "#missing"},
				"down": {"uv": [0, 0, 16, 2], "texture": "#4"}
			}
		},
		{
			"from": [0, 4, 0],
			"to": [1, 7, 1],
			"faces": {
				"north": {"uv": [15, 9, 16, 12], "texture": "#0"},
				"east": {"uv": [0, 0, 1, 3], "texture": "#4"},
				"south": {"uv": [0, 0, 1, 3], "texture": "#4"},
				"west": {"uv": [0, 9, 1, 12], "texture": "#0"},
				"up": {"uv": [0, 0, 1, 1], "texture": "#missing"},
				"down": {"uv": [0, 0, 1, 1], "texture": "#missing"}
			}
		},
		{
			"from": [0, 9, 0],
			"to": [1, 12, 1],
			"faces": {
				"north": {"uv": [15, 4, 16, 7], "texture": "#0"},
				"east": {"uv": [0, 0, 1, 3], "texture": "#4"},
				"south": {"uv": [0, 0, 1, 3], "texture": "#4"},
				"west": {"uv": [0, 4, 1, 7], "texture": "#0"},
				"up": {"uv": [0, 0, 1, 1], "texture": "#missing"},
				"down": {"uv": [0, 0, 1, 1], "texture": "#missing"}
			}
		},
		{
			"from": [15, 9, 0],
			"to": [16, 12, 1],
			"faces": {
				"north": {"uv": [0, 4, 1, 7], "texture": "#0"},
				"east": {"uv": [15, 4, 16, 7], "texture": "#0"},
				"south": {"uv": [0, 0, 1, 3], "texture": "#4"},
				"west": {"uv": [0, 0, 1, 3], "texture": "#4"},
				"up": {"uv": [0, 0, 1, 1], "texture": "#missing"},
				"down": {"uv": [0, 0, 1, 1], "texture": "#missing"}
			}
		},
		{
			"from": [15, 4, 0],
			"to": [16, 7, 1],
			"faces": {
				"north": {"uv": [0, 9, 1, 12], "texture": "#0"},
				"east": {"uv": [15, 9, 16, 12], "texture": "#0"},
				"south": {"uv": [0, 0, 1, 3], "texture": "#4"},
				"west": {"uv": [0, 0, 1, 3], "texture": "#4"},
				"up": {"uv": [0, 0, 1, 1], "texture": "#missing"},
				"down": {"uv": [0, 0, 1, 1], "texture": "#missing"}
			}
		},
		{
			"from": [15, 4, 15],
			"to": [16, 7, 16],
			"faces": {
				"north": {"uv": [15, 9, 16, 12], "texture": "#0"},
				"east": {"uv": [0, 9, 1, 12], "texture": "#0"},
				"south": {"uv": [15, 9, 16, 12], "texture": "#0"},
				"west": {"uv": [15, 9, 16, 12], "texture": "#0"},
				"up": {"uv": [15, 9, 16, 12], "texture": "#0"},
				"down": {"uv": [15, 9, 16, 12], "texture": "#0"}
			}
		},
		{
			"from": [15, 9, 15],
			"to": [16, 12, 16],
			"faces": {
				"north": {"uv": [15, 4, 16, 7], "texture": "#0"},
				"east": {"uv": [0, 4, 1, 7], "texture": "#0"},
				"south": {"uv": [15, 4, 16, 7], "texture": "#0"},
				"west": {"uv": [15, 4, 16, 7], "texture": "#0"},
				"up": {"uv": [15, 4, 16, 7], "texture": "#0"},
				"down": {"uv": [15, 4, 16, 7], "texture": "#0"}
			}
		},
		{
			"from": [0, 9, 15],
			"to": [1, 12, 16],
			"faces": {
				"north": {"uv": [0, 0, 1, 3], "texture": "#4"},
				"east": {"uv": [0, 0, 1, 3], "texture": "#4"},
				"south": {"uv": [0, 4, 1, 7], "texture": "#0"},
				"west": {"uv": [15, 4, 16, 7], "texture": "#0"},
				"up": {"uv": [0, 0, 1, 1], "texture": "#missing"},
				"down": {"uv": [0, 0, 1, 1], "texture": "#missing"}
			}
		},
		{
			"from": [0, 4, 15],
			"to": [1, 7, 16],
			"faces": {
				"north": {"uv": [0, 0, 1, 3], "texture": "#4"},
				"east": {"uv": [0, 0, 1, 3], "texture": "#4"},
				"south": {"uv": [0, 9, 1, 12], "texture": "#0"},
				"west": {"uv": [15, 9, 16, 12], "texture": "#0"},
				"up": {"uv": [0, 0, 1, 1], "texture": "#missing"},
				"down": {"uv": [0, 0, 1, 1], "texture": "#missing"}
			}
		},
		{
			"from": [7, 7, 2],
			"to": [9, 9, 4],
			"faces": {
				"north": {"uv": [7, 7, 9, 9], "texture": "#0"},
				"east": {"uv": [7, 7, 9, 9], "texture": "#0"},
				"south": {"uv": [7, 7, 9, 9], "texture": "#0"},
				"west": {"uv": [7, 7, 9, 9], "texture": "#0"},
				"up": {"uv": [7, 7, 9, 9], "texture": "#0"},
				"down": {"uv": [7, 7, 9, 9], "texture": "#0"}
			}
		},
		{
			"from": [7, 7, 12],
			"to": [9, 9, 14],
			"faces": {
				"north": {"uv": [7, 7, 9, 9], "texture": "#0"},
				"east": {"uv": [7, 7, 9, 9], "texture": "#0"},
				"south": {"uv": [7, 7, 9, 9], "texture": "#0"},
				"west": {"uv": [7, 7, 9, 9], "texture": "#0"},
				"up": {"uv": [7, 7, 9, 9], "texture": "#0"},
				"down": {"uv": [7, 7, 9, 9], "texture": "#0"}
			}
		},
		{
			"from": [2, 7, 7],
			"to": [4, 9, 9],
			"faces": {
				"north": {"uv": [7, 7, 9, 9], "texture": "#0"},
				"east": {"uv": [7, 7, 9, 9], "texture": "#0"},
				"south": {"uv": [7, 7, 9, 9], "texture": "#0"},
				"west": {"uv": [7, 7, 9, 9], "texture": "#0"},
				"up": {"uv": [7, 7, 9, 9], "texture": "#0"},
				"down": {"uv": [7, 7, 9, 9], "texture": "#0"}
			}
		},
		{
			"from": [1, 4, 4],
			"to": [4, 7, 7],
			"faces": {
				"north": {"uv": [12, 9, 15, 12], "texture": "#0"},
				"east": {"uv": [4, 9, 7, 12], "texture": "#0"},
				"south": {"uv": [4, 9, 7, 12], "texture": "#0"},
				"west": {"uv": [4, 9, 7, 12], "texture": "#0"},
				"up": {"uv": [4, 9, 7, 12], "texture": "#0"},
				"down": {"uv": [4, 9, 7, 12], "texture": "#0"}
			}
		},
		{
			"from": [12, 7, 7],
			"to": [14, 9, 9],
			"faces": {
				"north": {"uv": [7, 7, 9, 9], "texture": "#0"},
				"east": {"uv": [7, 7, 9, 9], "texture": "#0"},
				"south": {"uv": [7, 7, 9, 9], "texture": "#0"},
				"west": {"uv": [7, 7, 9, 9], "texture": "#0"},
				"up": {"uv": [7, 7, 9, 9], "texture": "#0"},
				"down": {"uv": [7, 7, 9, 9], "texture": "#0"}
			}
		},
		{
			"from": [4, 4, 1],
			"to": [7, 7, 4],
			"faces": {
				"north": {"uv": [9, 9, 12, 12], "texture": "#0"},
				"east": {"uv": [9, 9, 12, 12], "texture": "#0"},
				"south": {"uv": [9, 9, 12, 12], "texture": "#0"},
				"west": {"uv": [9, 9, 12, 12], "texture": "#0"},
				"up": {"uv": [9, 9, 12, 12], "texture": "#0"},
				"down": {"uv": [9, 9, 12, 12], "texture": "#0"}
			}
		},
		{
			"from": [4, 4, 12],
			"to": [7, 7, 15],
			"faces": {
				"north": {"uv": [4, 9, 7, 12], "texture": "#0"},
				"east": {"uv": [4, 9, 7, 12], "texture": "#0"},
				"south": {"uv": [4, 9, 7, 12], "texture": "#0"},
				"west": {"uv": [4, 9, 7, 12], "texture": "#0"},
				"up": {"uv": [4, 9, 7, 12], "texture": "#0"},
				"down": {"uv": [4, 9, 7, 12], "texture": "#0"}
			}
		},
		{
			"from": [4, 9, 12],
			"to": [7, 12, 15],
			"faces": {
				"north": {"uv": [4, 4, 7, 7], "texture": "#0"},
				"east": {"uv": [4, 4, 7, 7], "texture": "#0"},
				"south": {"uv": [4, 4, 7, 7], "texture": "#0"},
				"west": {"uv": [4, 4, 7, 7], "texture": "#0"},
				"up": {"uv": [4, 4, 7, 7], "texture": "#0"},
				"down": {"uv": [4, 4, 7, 7], "texture": "#0"}
			}
		},
		{
			"from": [9, 9, 12],
			"to": [12, 12, 15],
			"faces": {
				"north": {"uv": [9, 4, 12, 7], "texture": "#0"},
				"east": {"uv": [1, 4, 4, 7], "texture": "#0"},
				"south": {"uv": [9, 4, 12, 7], "texture": "#0"},
				"west": {"uv": [9, 4, 12, 7], "texture": "#0"},
				"up": {"uv": [9, 4, 12, 7], "texture": "#0"},
				"down": {"uv": [9, 4, 12, 7], "texture": "#0"}
			}
		},
		{
			"from": [9, 9, 1],
			"to": [12, 12, 4],
			"faces": {
				"north": {"uv": [1, 4, 4, 7], "texture": "#0"},
				"east": {"uv": [1, 4, 4, 7], "texture": "#0"},
				"south": {"uv": [9, 4, 12, 7], "texture": "#0"},
				"west": {"uv": [9, 4, 12, 7], "texture": "#0"},
				"up": {"uv": [9, 4, 12, 7], "texture": "#0"},
				"down": {"uv": [9, 4, 12, 7], "texture": "#0"}
			}
		},
		{
			"from": [4, 9, 1],
			"to": [7, 12, 4],
			"faces": {
				"north": {"uv": [9, 4, 12, 7], "texture": "#0"},
				"east": {"uv": [1, 4, 4, 7], "texture": "#0"},
				"south": {"uv": [9, 4, 12, 7], "texture": "#0"},
				"west": {"uv": [1, 4, 4, 7], "texture": "#0"},
				"up": {"uv": [9, 4, 12, 7], "texture": "#0"},
				"down": {"uv": [9, 4, 12, 7], "texture": "#0"}
			}
		},
		{
			"from": [9, 4, 12],
			"to": [12, 7, 15],
			"faces": {
				"north": {"uv": [9, 9, 12, 12], "texture": "#0"},
				"east": {"uv": [9, 9, 12, 12], "texture": "#0"},
				"south": {"uv": [9, 9, 12, 12], "texture": "#0"},
				"west": {"uv": [9, 9, 12, 12], "texture": "#0"},
				"up": {"uv": [9, 9, 12, 12], "texture": "#0"},
				"down": {"uv": [9, 9, 12, 12], "texture": "#0"}
			}
		},
		{
			"from": [9, 4, 1],
			"to": [12, 7, 4],
			"faces": {
				"north": {"uv": [4, 9, 7, 12], "texture": "#0"},
				"east": {"uv": [4, 9, 7, 12], "texture": "#0"},
				"south": {"uv": [4, 9, 7, 12], "texture": "#0"},
				"west": {"uv": [4, 9, 7, 12], "texture": "#0"},
				"up": {"uv": [4, 9, 7, 12], "texture": "#0"},
				"down": {"uv": [4, 9, 7, 12], "texture": "#0"}
			}
		},
		{
			"from": [1, 4, 9],
			"to": [4, 7, 12],
			"faces": {
				"north": {"uv": [9, 9, 12, 12], "texture": "#0"},
				"east": {"uv": [9, 9, 12, 12], "texture": "#0"},
				"south": {"uv": [9, 9, 12, 12], "texture": "#0"},
				"west": {"uv": [9, 9, 12, 12], "texture": "#0"},
				"up": {"uv": [9, 9, 12, 12], "texture": "#0"},
				"down": {"uv": [9, 9, 12, 12], "texture": "#0"}
			}
		},
		{
			"from": [1, 9, 9],
			"to": [4, 12, 12],
			"faces": {
				"north": {"uv": [9, 4, 12, 7], "texture": "#0"},
				"east": {"uv": [9, 4, 12, 7], "texture": "#0"},
				"south": {"uv": [9, 4, 12, 7], "texture": "#0"},
				"west": {"uv": [9, 4, 12, 7], "texture": "#0"},
				"up": {"uv": [9, 4, 12, 7], "texture": "#0"},
				"down": {"uv": [9, 4, 12, 7], "texture": "#0"}
			}
		},
		{
			"from": [1, 9, 4],
			"to": [4, 12, 7],
			"faces": {
				"north": {"uv": [12, 4, 14, 7], "texture": "#0"},
				"east": {"uv": [9, 4, 12, 7], "texture": "#0"},
				"south": {"uv": [9, 4, 12, 7], "texture": "#0"},
				"west": {"uv": [4, 4, 7, 7], "texture": "#0"},
				"up": {"uv": [9, 4, 12, 7], "texture": "#0"},
				"down": {"uv": [9, 4, 12, 7], "texture": "#0"}
			}
		},
		{
			"from": [12, 9, 9],
			"to": [15, 12, 12],
			"faces": {
				"north": {"uv": [9, 4, 12, 7], "texture": "#0"},
				"east": {"uv": [4, 4, 7, 7], "texture": "#0"},
				"south": {"uv": [9, 4, 12, 7], "texture": "#0"},
				"west": {"uv": [9, 4, 12, 7], "texture": "#0"},
				"up": {"uv": [9, 4, 12, 7], "texture": "#0"},
				"down": {"uv": [9, 4, 12, 7], "texture": "#0"}
			}
		},
		{
			"from": [12, 9, 4],
			"to": [15, 12, 7],
			"faces": {
				"north": {"uv": [2, 4, 4, 7], "texture": "#0"},
				"east": {"uv": [9, 4, 12, 7], "texture": "#0"},
				"south": {"uv": [9, 4, 12, 7], "texture": "#0"},
				"west": {"uv": [9, 4, 12, 7], "texture": "#0"},
				"up": {"uv": [9, 4, 12, 7], "texture": "#0"},
				"down": {"uv": [9, 4, 12, 7], "texture": "#0"}
			}
		},
		{
			"from": [12, 4, 9],
			"to": [15, 7, 12],
			"faces": {
				"north": {"uv": [4, 9, 7, 12], "texture": "#0"},
				"east": {"uv": [4, 9, 7, 12], "texture": "#0"},
				"south": {"uv": [4, 9, 7, 12], "texture": "#0"},
				"west": {"uv": [4, 9, 7, 12], "texture": "#0"},
				"up": {"uv": [4, 9, 7, 12], "texture": "#0"},
				"down": {"uv": [4, 9, 7, 12], "texture": "#0"}
			}
		},
		{
			"from": [12, 4, 4],
			"to": [15, 7, 7],
			"faces": {
				"north": {"uv": [9, 9, 12, 12], "texture": "#0"},
				"east": {"uv": [9, 9, 12, 12], "texture": "#0"},
				"south": {"uv": [9, 9, 12, 12], "texture": "#0"},
				"west": {"uv": [9, 9, 12, 12], "texture": "#0"},
				"up": {"uv": [9, 9, 12, 12], "texture": "#0"},
				"down": {"uv": [9, 9, 12, 12], "texture": "#0"}
			}
		}
	],
	"display": {
		"thirdperson_righthand": {
			"scale": [0.3, 0.3, 0.3]
		},
		"thirdperson_lefthand": {
			"scale": [0.3, 0.3, 0.3]
		},
		"firstperson_righthand": {
			"scale": [0.3, 0.3, 0.3]
		},
		"firstperson_lefthand": {
			"scale": [0.3, 0.3, 0.3]
		},
		"ground": {
			"scale": [0.3, 0.3, 0.3]
		},
		"gui": {
			"rotation": [40, 40, 0],
			"scale": [0.55, 0.55, 0.55]
		},
		"fixed": {
			"translation": [0, 0, -2],
			"scale": [0.45, 0.45, 0.45]
		}
	},
	"groups": [
		{
			"name": "bulb",
			"origin": [8, 8, 8],
			"color": 0,
			"children": [
				0,
				1,
				2,
				3,
				4,
				5,
				6,
				7,
				8,
				9,
				10,
				11,
				12,
				13,
				14,
				15,
				16,
				17,
				18,
				19,
				20,
				21,
				22,
				23,
				24,
				25,
				26,
				27,
				28,
				29,
				30,
				31,
				32,
				33,
				34,
				35,
				36,
				37,
				38,
				39,
				40,
				41,
				42,
				43,
				44,
				45,
				46,
				47,
				48,
				49,
				50,
				51,
				52,
				53,
				54,
				55
			]
		}
	]
}