{
	"parent": "block/block",
	"textures": {
		"side": "block/bell_side",
		"top": "block/bell_top",
		"bottom": "block/bell_bottom",
		"bar": "block/dark_oak_planks",
		"particle": "block/bell_bottom"
	},
	"elements": [
		{
			"from": [2, 13, 7],
			"to": [14, 15, 9],
			"faces": {
				"north": {"uv": [2, 2, 14, 4], "texture": "#bar"},
				"east": {"uv": [5, 4, 7, 6], "texture": "#bar", "cullface": "east"},
				"south": {"uv": [2, 3, 14, 5], "texture": "#bar"},
				"west": {"uv": [5, 4, 7, 6], "texture": "#bar", "cullface": "west"},
				"up": {"uv": [2, 3, 14, 5], "texture": "#bar"},
				"down": {"uv": [2, 3, 14, 5], "texture": "#bar"}
			}
		},
		{
			"from": [5, 6, 5],
			"to": [11, 13, 11],
			"faces": {
				"north": {"uv": [1, 0, 7, 7], "texture": "#side"},
				"east": {"uv": [1, 0, 7, 7], "texture": "#side"},
				"south": {"uv": [1, 0, 7, 7], "texture": "#side"},
				"west": {"uv": [1, 0, 7, 7], "texture": "#side"},
				"up": {"uv": [1, 1, 7, 7], "texture": "#top"},
				"down": {"uv": [0, 0, 6, 6], "texture": "#bottom"}
			}
		},
		{
			"from": [4, 4, 4],
			"to": [12, 6, 12],
			"faces": {
				"north": {"uv": [0, 7, 8, 9], "texture": "#side"},
				"east": {"uv": [0, 7, 8, 9], "texture": "#side"},
				"south": {"uv": [0, 7, 8, 9], "texture": "#side"},
				"west": {"uv": [0, 7, 8, 9], "texture": "#side"},
				"up": {"uv": [0, 0, 8, 8], "texture": "#bottom"},
				"down": {"uv": [0, 0, 8, 8], "texture": "#bottom"}
			}
		}
	],
	"display": {
        "gui": {
            "rotation": [30, 135, 0],
            "translation": [0, -1, 0],
            "scale":[0.9375, 0.9375, 0.9375]
		}
	}
}