{
	"credit": "Made with Blockbench",
	"textures": {
		"0": "block/book",
		"particle": "block/book"
	},
	"elements": [
		{
			"from": [5, 0, 4],
			"to": [11, 3, 12],
			"rotation": {"angle": 0, "axis": "x", "origin": [8, 1.5, 8]},
			"faces": {
				"north": {"uv": [0, 11, 6, 14], "texture": "#0"},
				"east": {"uv": [0, 8, 8, 11], "texture": "#0"},
				"south": {"uv": [6, 11, 12, 14], "texture": "#0"},
				"west": {"uv": [8, 8, 16, 11], "texture": "#0"},
				"up": {"uv": [6, 8, 0, 0], "texture": "#0"},
				"down": {"uv": [12, 0, 6, 8], "texture": "#0"}
			}
		}
	],
	"display": {
		"thirdperson_righthand": {
			"rotation": [-76.72, -0.45, 179.76],
			"translation": [0, 0.5, 6.25],
			"scale": [0.8, 0.8, 0.8]
		},
		"thirdperson_lefthand": {
			"rotation": [-76.72, -0.45, 179.76],
			"translation": [0, 0.5, 6.25],
			"scale": [0.8, 0.8, 0.8]
		},
		"firstperson_righthand": {
			"rotation": [-117.02, 3.32, 172.59],
			"translation": [0, 6.75, 3.5]
		},
		"firstperson_lefthand": {
			"rotation": [-117.02, 3.32, 172.59],
			"translation": [0, 6.75, 3.5]
		},
		"ground": {
			"rotation": [-61.1, -9.44, -9.67],
			"translation": [0, 3.75, -4.5]
		},
		"gui": {
			"rotation": [-108.98, 30.2, 161.32],
			"translation": [-2.75, 4.5, 0],
			"scale": [1.5, 1.5, 1.5]
		},
		"head": {
			"translation": [0, 14.25, 0]
		},
		"fixed": {
			"rotation": [-90, 0, 0],
			"translation": [0, 0, -15],
			"scale": [2, 2, 2]
		}
	}
}