{
  "parent": "block/calibrated_sculk_sensor_inactive",
  "display": {
        "gui": {
            "rotation": [ 30, -45, 0 ],
            "translation": [ 0, 0, 0],
            "scale":[ 0.625, 0.625, 0.625 ]
        },
        "fixed": {
            "rotation": [0, 180, 0],
            "translation": [0, 0, 1],
            "scale":[0.75, 0.75, 0.75]
        },
        "thirdperson_righthand": {
            "rotation": [75, -135, 0],
            "translation": [0, 2.5, 0],
            "scale": [0.375, 0.375, 0.375]
        },
        "firstperson_righthand": {
            "rotation": [0, -45, 0],
            "translation": [0, 0, 0],
            "scale": [0.4, 0.4, 0.4]
    }
  }
}