{
  "parent": "block/cartography_table",
  "gui_light": "side",
  "display": {
      "gui": {
          "rotation": [30, -45, 0],
          "translation": [0, 0, 0],
          "scale":[0.625, 0.625, 0.625]
        },
        "thirdperson_righthand": {
            "rotation": [75, -135, 0],
            "translation": [0, 2.5, 0],
            "scale": [0.375, 0.375, 0.375]
        },
        "firstperson_righthand": {
          "rotation": [0, -45, 0],
          "translation": [0, 0, 0],
          "scale": [0.4, 0.4, 0.4]
        }
    }
}