{
	"parent": "item/templates/minecart",
	"texture_size": [64, 32],
	"textures": {
		"minecart": "entity/minecart",
		"chest": "entity/chest/normal"
	},
	"elements": [
		{
			"from": [3, 5.35, 3],
			"to": [13, 12.35, 13],
			"faces": {
				"north": {"uv": [3.5, 8.25, 7, 10.75], "rotation": 180, "texture": "#chest"},
				"east": {"uv": [0, 8.25, 3.5, 10.75], "rotation": 180, "texture": "#chest"},
				"south": {"uv": [10.5, 8.25, 14, 10.75], "rotation": 180, "texture": "#chest"},
				"west": {"uv": [7, 8.25, 10.5, 10.75], "rotation": 180, "texture": "#chest"},
				"up": {"uv": [7, 4.75, 10.5, 8.25], "rotation": 180, "texture": "#chest"},
				"down": {"uv": [3.5, 4.75, 7, 8.25], "rotation": 180, "texture": "#chest"}
			}
		},
		{
			"from": [3, 11.65, 3],
			"to": [13, 15.15, 13],
			"faces": {
				"north": {"uv": [3.5, 3.5, 7, 4.75], "rotation": 180, "texture": "#chest"},
				"east": {"uv": [0, 3.5, 3.5, 4.75], "rotation": 180, "texture": "#chest"},
				"south": {"uv": [10.5, 3.5, 14, 4.75], "rotation": 180, "texture": "#chest"},
				"west": {"uv": [7, 3.5, 10.5, 4.75], "rotation": 180, "texture": "#chest"},
				"up": {"uv": [7, 0, 10.5, 3.5], "rotation": 180, "texture": "#chest"},
				"down": {"uv": [7, 4.75, 10.5, 8.25], "rotation": 180, "texture": "#chest"}
			}
		},
		{
			"from": [7.3, 10.25, 13],
			"to": [8.7, 13.05, 13.7],
			"faces": {
				"north": {"uv": [0.25, 0.25, 0.75, 1.25], "texture": "#chest"},
				"east": {"uv": [0.75, 0.25, 1.25, 1.25], "rotation": 180, "texture": "#chest"},
				"south": {"uv": [1, 0.25, 1.5, 1.25], "rotation": 180, "texture": "#chest"},
				"west": {"uv": [0, 0.25, 0.5, 1.25], "rotation": 180, "texture": "#chest"},
				"up": {"uv": [0.25, 0, 0.75, 0.25], "texture": "#chest"},
				"down": {"uv": [0.75, 0, 1.25, 0.25], "texture": "#chest"}
			}
		},
		{
			"from": [0, 0, -2],
			"to": [16, 2, 18],
			"faces": {
				"north": {"uv": [0, 6, 0.5, 14], "rotation": 90, "texture": "#minecart"},
				"east": {"uv": [5.5, 5, 10.5, 6], "texture": "#minecart"},
				"south": {"uv": [5.5, 6, 6, 14], "rotation": 270, "texture": "#minecart"},
				"west": {"uv": [0.5, 5, 5.5, 6], "texture": "#minecart"},
				"up": {"uv": [6, 6, 11, 14], "rotation": 90, "texture": "#minecart"},
				"down": {"uv": [0.5, 6, 5.5, 14], "rotation": 90, "texture": "#minecart"}
			}
		},
		{
			"from": [0, 2, -2],
			"to": [16, 10, 0],
			"faces": {
				"north": {"uv": [5, 1, 9, 5], "texture": "#minecart"},
				"east": {"uv": [4.5, 1, 5, 5], "texture": "#minecart"},
				"south": {"uv": [0.5, 1, 4.5, 5], "texture": "#minecart"},
				"west": {"uv": [0, 1, 0.5, 5], "texture": "#minecart"},
				"up": {"uv": [0.5, 0, 4.5, 1], "texture": "#minecart"},
				"down": {"uv": [6, 6, 6.5, 14], "rotation": 270, "texture": "#minecart"}
			}
		},
		{
			"from": [0, 2, 16],
			"to": [16, 10, 18],
			"faces": {
				"north": {"uv": [0.5, 1, 4.5, 5], "texture": "#minecart"},
				"east": {"uv": [0, 1, 0.5, 5], "texture": "#minecart"},
				"south": {"uv": [5, 1, 9, 5], "texture": "#minecart"},
				"west": {"uv": [4.5, 1, 5, 5], "texture": "#minecart"},
				"up": {"uv": [0.5, 0, 4.5, 1], "rotation": 180, "texture": "#minecart"},
				"down": {"uv": [10.5, 6, 11, 14], "rotation": 270, "texture": "#minecart"}
			}
		},
		{
			"from": [14, 2, 0],
			"to": [16, 10, 16],
			"faces": {
				"north": {"uv": [5, 1, 4.5, 5], "texture": "#minecart"},
				"east": {"uv": [5, 1, 9, 5], "texture": "#minecart"},
				"south": {"uv": [0.5, 1, 0, 5], "texture": "#minecart"},
				"west": {"uv": [0.5, 1, 4.5, 5], "texture": "#minecart"},
				"up": {"uv": [0.5, 0, 4.5, 1], "rotation": 90, "texture": "#minecart"},
				"down": {"uv": [6.5, 13, 10.5, 14], "rotation": 270, "texture": "#minecart"}
			}
		},
		{
			"from": [0, 2, 0],
			"to": [2, 10, 16],
			"faces": {
				"north": {"uv": [4.5, 1, 5, 5], "texture": "#minecart"},
				"east": {"uv": [0.5, 1, 4.5, 5], "texture": "#minecart"},
				"south": {"uv": [0, 1, 0.5, 5], "texture": "#minecart"},
				"west": {"uv": [5, 1, 9, 5], "texture": "#minecart"},
				"up": {"uv": [0.5, 0, 4.5, 1], "rotation": 270, "texture": "#minecart"},
				"down": {"uv": [6.5, 6, 10.5, 7], "rotation": 270, "texture": "#minecart"}
			}
		}
	]
}