{
	"credit": "Made with Blockbench",
	"texture_size": [32, 32],
	"textures": {
		"1": "item/trim"
	},
	"elements": [
		{
			"from": [3, 0, 6],
			"to": [12, 10, 10],
			"faces": {
				"north": {"uv": [3.25, 0, 5.5, 2.5], "texture": "#1"},
				"east": {"uv": [5.5, 0, 6.5, 2.5], "texture": "#1"},
				"south": {"uv": [3.25, 0, 5.5, 2.5], "texture": "#1"},
				"west": {"uv": [5.5, 0, 6.5, 2.5], "texture": "#1"},
				"up": {"uv": [2.25, 4.5, 0, 3.5], "texture": "#1"},
				"down": {"uv": [2.25, 3.5, 0, 4.5], "texture": "#1"}
			}
		},
		{
			"from": [2.2, 4.7, 7.2],
			"to": [5.8, 8.3, 10.8],
			"faces": {
				"north": {"uv": [3.25, 2.5, 4.25, 3.5], "texture": "#1"},
				"east": {"uv": [3.25, 2.5, 4.25, 3.5], "texture": "#1"},
				"south": {"uv": [2.25, 2.5, 3.25, 3.5], "texture": "#1"},
				"west": {"uv": [3.25, 2.5, 4.25, 3.5], "texture": "#1"},
				"up": {"uv": [3.25, 2.5, 4.25, 3.5], "rotation": 90, "texture": "#1"},
				"down": {"uv": [3.25, 2.5, 4.25, 3.5], "rotation": 90, "texture": "#1"}
			}
		},
		{
			"from": [10.2, 7.7, 4.2],
			"to": [13.8, 11.3, 7.8],
			"faces": {
				"north": {"uv": [2.25, 2.5, 3.25, 3.5], "texture": "#1"},
				"east": {"uv": [3.25, 2.5, 4.25, 3.5], "texture": "#1"},
				"south": {"uv": [2.25, 2.5, 3.25, 3.5], "texture": "#1"},
				"west": {"uv": [3.25, 2.5, 4.25, 3.5], "texture": "#1"},
				"up": {"uv": [4.25, 2.5, 3.25, 3.5], "rotation": 90, "texture": "#1"},
				"down": {"uv": [3.25, 2.5, 4.25, 3.5], "rotation": 270, "texture": "#1"}
			}
		},
		{
			"from": [10.3, 3.8, 5.3],
			"to": [13.7, 7.2, 8.7],
			"faces": {
				"north": {"uv": [2.25, 2.5, 3.25, 3.5], "texture": "#1"},
				"east": {"uv": [3.25, 2.5, 4.25, 3.5], "texture": "#1"},
				"south": {"uv": [3.25, 2.5, 4.25, 3.5], "texture": "#1"},
				"west": {"uv": [3.25, 2.5, 4.25, 3.5], "texture": "#1"},
				"up": {"uv": [3.25, 2.5, 4.25, 3.5], "rotation": 90, "texture": "#1"},
				"down": {"uv": [3.25, 2.5, 4.25, 3.5], "rotation": 90, "texture": "#1"}
			}
		},
		{
			"from": [4.3, 1.8, 7.3],
			"to": [7.7, 5.2, 10.7],
			"faces": {
				"north": {"uv": [3.25, 2.5, 4.25, 3.5], "texture": "#1"},
				"east": {"uv": [3.25, 2.5, 4.25, 3.5], "texture": "#1"},
				"south": {"uv": [2.25, 2.5, 3.25, 3.5], "texture": "#1"},
				"west": {"uv": [3.25, 2.5, 4.25, 3.5], "texture": "#1"},
				"up": {"uv": [3.25, 2.5, 4.25, 3.5], "texture": "#1"},
				"down": {"uv": [3.25, 2.5, 4.25, 3.5], "texture": "#1"}
			}
		}
	],
	"display": {
		"thirdperson_righthand": {
			"translation": [-4, 2, 0],
			"scale": [0.8, 0.8, 0.8]
		},
		"thirdperson_lefthand": {
			"translation": [-4, 2, 0],
			"scale": [0.8, 0.8, 0.8]
		},
		"firstperson_righthand": {
			"translation": [0, 2, 0]
		},
		"firstperson_lefthand": {
			"translation": [26.25, 0, 0]
		},
		"gui": {
			"rotation": [-30, -10, -40],
			"translation": [2, 2, 0]
		},
		"head": {
			"rotation": [90, 0, 0],
			"translation": [0.5, 8.25, 3]
		},
		"fixed": {
			"translation": [1, 6, -1.5],
			"scale": [2, 2, 2]
		}
	}
}