{
    "parent": "builtin/entity",
    "gui_light": "side",
    "textures": {
        "particle": "entity/decorated_pot/decorated_pot_side"
    },
    "display": {
		"thirdperson_righthand": {
			"rotation": [75, -135, 0],
			"translation": [0, 2.5, 0],
			"scale": [0.375, 0.375, 0.375]
        },
		"firstperson_righthand": {
			"rotation": [0, -45, 0],
            "translation": [0, 0, 0],
			"scale": [0.4, 0.4, 0.4]
        },
        "gui": {
            "rotation": [30, -45, 0],
            "translation": [0, -0.25, 0],
            "scale":[0.626, 0.626, 0.626]
        },
        "ground": {
            "rotation": [0, 0, 0],
            "translation": [0, 3, 0],
            "scale":[0.25, 0.25, 0.25]
        },
        "head": {
            "rotation": [0, 180, 0],
            "translation": [0, 1.125, 0],
            "scale":[1.1425, 1.1425, 1.1425]
        },
        "fixed": {
            "rotation": [0, 0, 0],
            "translation": [0, -1.5, 1],
            "scale":[0.75, 0.75, 0.75]
        }
    }
}
