{
	"credit": "Made with Blockbench",
	"texture_size": [32, 32],
	"textures": {
		"0": "item/diamond_pickaxe",
		"particle": "item/diamond_pickaxe"
	},
	"elements": [
		{
			"from": [7, 0, 8],
			"to": [9, 16, 10],
			"rotation": {"angle": 0, "axis": "y", "origin": [7, 0, 8]},
			"faces": {
				"north": {"uv": [0, 6, 1, 14], "texture": "#0"},
				"east": {"uv": [1, 6, 2, 14], "texture": "#0"},
				"south": {"uv": [2, 6, 3, 14], "texture": "#0"},
				"west": {"uv": [3, 6, 4, 14], "texture": "#0"},
				"up": {"uv": [9, 4, 8, 3], "texture": "#0"},
				"down": {"uv": [9, 4, 8, 5], "texture": "#0"}
			}
		},
		{
			"from": [0, 10, 9],
			"to": [16, 16, 9],
			"rotation": {"angle": 0, "axis": "y", "origin": [7, 0, 8]},
			"faces": {
				"north": {"uv": [0, 0, 8, 3], "texture": "#0"},
				"east": {"uv": [0, 0, 0, 3], "texture": "#0"},
				"south": {"uv": [0, 3, 8, 6], "texture": "#0"},
				"west": {"uv": [0, 0, 0, 3], "texture": "#0"},
				"up": {"uv": [8, 0, 0, 0], "texture": "#0"},
				"down": {"uv": [8, 0, 0, 0], "texture": "#0"}
			}
		},
		{
			"from": [6, 12, 7.5],
			"to": [10, 15, 10.5],
			"rotation": {"angle": 0, "axis": "y", "origin": [7, -1, 8.5]},
			"faces": {
				"north": {"uv": [4, 6, 6, 7.5], "texture": "#0"},
				"east": {"uv": [8, 0, 9.5, 1.5], "texture": "#0"},
				"south": {"uv": [6, 6, 8, 7.5], "texture": "#0"},
				"west": {"uv": [8, 1.5, 9.5, 3], "texture": "#0"},
				"up": {"uv": [6, 9, 4, 7.5], "texture": "#0"},
				"down": {"uv": [8, 7.5, 6, 9], "texture": "#0"}
			}
		},
		{
			"from": [7, 12.5, 7],
			"to": [9, 14.5, 7.5],
			"rotation": {"angle": 0, "axis": "y", "origin": [7, 12.5, 7]},
			"faces": {
				"north": {"uv": [4, 9, 5, 10], "texture": "#0"},
				"east": {"uv": [4, 9, 4.25, 10], "texture": "#0"},
				"south": {"uv": [4, 9, 5, 10], "texture": "#0"},
				"west": {"uv": [4, 9, 4.25, 10], "texture": "#0"},
				"up": {"uv": [4, 9, 5, 9.25], "texture": "#0"},
				"down": {"uv": [4, 9, 5, 9.25], "texture": "#0"}
			}
		},
		{
			"from": [7, 12.5, 10.5],
			"to": [9, 14.5, 11],
			"rotation": {"angle": 0, "axis": "y", "origin": [7, 12.5, 10.5]},
			"faces": {
				"north": {"uv": [4, 9, 5, 10], "texture": "#0"},
				"east": {"uv": [4, 9, 4.25, 10], "texture": "#0"},
				"south": {"uv": [4, 9, 5, 10], "texture": "#0"},
				"west": {"uv": [4, 9, 4.25, 10], "texture": "#0"},
				"up": {"uv": [4, 9, 5, 9.25], "texture": "#0"},
				"down": {"uv": [4, 9, 5, 9.25], "texture": "#0"}
			}
		}
	],
	"display": {
		"thirdperson_righthand": {
			"rotation": [0, 90, 0],
			"translation": [-1, 0, 0.75]
		},
		"thirdperson_lefthand": {
			"rotation": [0, 90, 0],
			"translation": [-1, 0, 0.75]
		},
		"firstperson_righthand": {
			"rotation": [0, 90, 0],
			"translation": [0, 2, 0]
		},
		"firstperson_lefthand": {
			"rotation": [0, 90, 0],
			"translation": [0, 2, 0]
		},
		"ground": {
			"rotation": [90, 0, 0]
		},
		"gui": {
			"rotation": [0, 0, -45],
			"translation": [-1.5, -1.5, 0]
		},
		"head": {
			"rotation": [0, 0, -30.5],
			"translation": [-10.75, 4.75, 0]
		},
		"fixed": {
			"rotation": [0, 0, 45],
			"translation": [0, -1, -0.5]
		}
	}
}