{
    "parent": "item/templates/skull",
    "display": {
        "fixed": {
            "rotation": [ 0, 180, 0 ],
            "translation": [ 0, 2, 1],
            "scale":[ 1, 1, 1 ]
        },
        "gui": {
            "translation": [ 2.5, 2.5, 0 ],
            "rotation": [ 30, 315, 0 ],
            "scale": [ 0.6, 0.6, 0.6 ]
        },
        "thirdperson_righthand": {
            "rotation": [ 0, 180, 0 ],
            "translation": [ 0, -1, 2 ],
            "scale": [ 0.5, 0.5, 0.5 ]
            
        }
    }
}
