{
	"credit": "Made with Blockbench",
	"texture_size": [32, 32],
	"textures": {
		"1": "item/trim"
	},
	"elements": [
		{
			"from": [3, 0, 6],
			"to": [12, 10, 10],
			"faces": {
				"north": {"uv": [6.5, 0, 8.75, 2.5], "texture": "#1"},
				"east": {"uv": [8.75, 0, 9.75, 2.5], "texture": "#1"},
				"south": {"uv": [6.5, 0, 8.75, 2.5], "texture": "#1"},
				"west": {"uv": [8.75, 0, 9.75, 2.5], "texture": "#1"},
				"up": {"uv": [2.25, 5.5, 0, 4.5], "texture": "#1"},
				"down": {"uv": [2.25, 4.5, 0, 5.5], "texture": "#1"}
			}
		}
	],
	"display": {
		"thirdperson_righthand": {
			"translation": [-4, 2, 0],
			"scale": [0.8, 0.8, 0.8]
		},
		"thirdperson_lefthand": {
			"translation": [-4, 2, 0],
			"scale": [0.8, 0.8, 0.8]
		},
		"firstperson_righthand": {
			"translation": [0, 2, 0]
		},
		"firstperson_lefthand": {
			"translation": [22.5, 0, 0]
		},
		"gui": {
			"rotation": [-30, -10, -40],
			"translation": [2, 2, 0]
		},
		"head": {
			"rotation": [90, 0, 0],
			"translation": [0.5, 8.25, 3]
		},
		"fixed": {
			"translation": [1, 6, -1.5],
			"scale": [2, 2, 2]
		}
	}
}