{
	"credit": "Made with Blockbench",
	"textures": {
		"0": "block/book",
		"particle": "block/book"
	},
	"elements": [
		{
			"from": [5, 0, 4],
			"to": [11, 3, 12],
			"rotation": {"angle": 0, "axis": "x", "origin": [8, 1.5, 8]},
			"faces": {
				"north": {"uv": [0, 11, 6, 14], "texture": "#0"},
				"east": {"uv": [0, 8, 8, 11], "texture": "#0"},
				"south": {"uv": [6, 11, 12, 14], "texture": "#0"},
				"west": {"uv": [8, 8, 16, 11], "texture": "#0"},
				"up": {"uv": [6, 8, 0, 0], "texture": "#0"},
				"down": {"uv": [12, 0, 6, 8], "texture": "#0"}
			}
		},
		{
			"from": [4.9, -0.1, 7],
			"to": [11.1, 3.1, 9],
			"rotation": {"angle": 0, "axis": "y", "origin": [4, 1, 8]},
			"faces": {
				"north": {"uv": [9.8, 14.8, 16, 16], "texture": "#0"},
				"east": {"uv": [13, 14.8, 16, 16], "texture": "#0"},
				"south": {"uv": [9.8, 14.8, 16, 16], "texture": "#0"},
				"west": {"uv": [12, 14.8, 16, 16], "texture": "#0"},
				"up": {"uv": [9.8, 14.5, 16, 16], "texture": "#0"},
				"down": {"uv": [9.8, 14.5, 16, 16], "texture": "#0"}
			}
		},
		{
			"from": [4.7, 1.6, 6.9],
			"to": [6.8, 3.4, 9.1],
			"rotation": {"angle": 0, "axis": "y", "origin": [7, 1.5, 8]},
			"faces": {
				"north": {"uv": [15.3, 13.2, 16, 14.35], "texture": "#0"},
				"east": {"uv": [15.1, 13.3, 16, 14.3], "texture": "#0"},
				"south": {"uv": [14.4, 13.5, 16, 14.3], "texture": "#0"},
				"west": {"uv": [15.35, 13.55, 16, 14.3], "texture": "#0"},
				"up": {"uv": [15.25, 13.25, 16, 14.05], "texture": "#0"},
				"down": {"uv": [14.85, 13.35, 16, 14.35], "texture": "#0"}
			}
		}
	],
	"display": {
		"thirdperson_righthand": {
			"rotation": [-76.72, -0.45, 179.76],
			"translation": [0, 0.5, 6.25],
			"scale": [0.8, 0.8, 0.8]
		},
		"thirdperson_lefthand": {
			"rotation": [-76.72, -0.45, 179.76],
			"translation": [0, 0.5, 6.25],
			"scale": [0.8, 0.8, 0.8]
		},
		"firstperson_righthand": {
			"rotation": [-117.02, 3.32, 172.59],
			"translation": [0, 6.75, 3.5]
		},
		"firstperson_lefthand": {
			"rotation": [-117.02, 3.32, 172.59],
			"translation": [0, 6.75, 3.5]
		},
		"ground": {
			"rotation": [-61.1, -9.44, -9.67],
			"translation": [0, 3.75, -4.5]
		},
		"gui": {
			"rotation": [-108.98, 30.2, 161.32],
			"translation": [-2.75, 4.5, 0],
			"scale": [1.5, 1.5, 1.5]
		},
		"head": {
			"translation": [0, 14.25, 0]
		},
		"fixed": {
			"rotation": [-90, 0, 0],
			"translation": [0, 0, -15],
			"scale": [2, 2, 2]
		}
	}
}