{
	"credit": "Made with Blockbench",
	"texture_size": [32, 32],
	"textures": {
		"0": "item/golden_hoe",
		"particle": "item/golden_hoe"
	},
	"elements": [
		{
			"from": [7, 0, 8],
			"to": [9, 16, 10],
			"rotation": {"angle": 0, "axis": "y", "origin": [7, 0, 8]},
			"faces": {
				"north": {"uv": [0, 0, 1, 8], "texture": "#0"},
				"east": {"uv": [1, 0, 2, 8], "texture": "#0"},
				"south": {"uv": [2, 0, 3, 8], "texture": "#0"},
				"west": {"uv": [3, 0, 4, 8], "texture": "#0"},
				"up": {"uv": [7, 3, 6, 2], "texture": "#0"},
				"down": {"uv": [7, 3, 6, 4], "texture": "#0"}
			}
		},
		{
			"from": [6, 16, 2],
			"to": [10, 16, 10],
			"rotation": {"angle": 0, "axis": "y", "origin": [7, 16, 8]},
			"faces": {
				"north": {"uv": [0, 0, 2, 0], "texture": "#0"},
				"east": {"uv": [0, 0, 4, 0], "texture": "#0"},
				"south": {"uv": [0, 0, 2, 0], "texture": "#0"},
				"west": {"uv": [0, 0, 4, 0], "texture": "#0"},
				"up": {"uv": [6, 4, 4, 0], "texture": "#0"},
				"down": {"uv": [6, 4, 4, 8], "texture": "#0"}
			}
		},
		{
			"from": [7, 16, 8],
			"to": [9, 18, 10],
			"rotation": {"angle": -45, "axis": "y", "origin": [8, 17, 9]},
			"faces": {
				"north": {"uv": [6, 4, 7, 5], "texture": "#0"},
				"east": {"uv": [6, 5, 7, 6], "texture": "#0"},
				"south": {"uv": [6, 6, 7, 7], "texture": "#0"},
				"west": {"uv": [7, 2, 8, 3], "texture": "#0"},
				"up": {"uv": [8, 4, 7, 3], "texture": "#0"},
				"down": {"uv": [8, 4, 7, 5], "texture": "#0"}
			}
		},
		{
			"from": [6, 14, 2],
			"to": [10, 16, 2],
			"rotation": {"angle": 0, "axis": "z", "origin": [7, 14, 2]},
			"faces": {
				"north": {"uv": [6, 0, 8, 1], "texture": "#0"},
				"east": {"uv": [0, 0, 0, 1], "texture": "#0"},
				"south": {"uv": [6, 1, 8, 2], "texture": "#0"},
				"west": {"uv": [0, 0, 0, 1], "texture": "#0"},
				"up": {"uv": [2, 0, 0, 0], "texture": "#0"},
				"down": {"uv": [2, 0, 0, 0], "texture": "#0"}
			}
		},
		{
			"from": [8, 16, 4],
			"to": [8, 17, 8],
			"rotation": {"angle": 0, "axis": "y", "origin": [7, 16, 6]},
			"faces": {
				"north": {"uv": [0, 0, 0, 0.5], "texture": "#0"},
				"east": {"uv": [7, 5, 9, 5.5], "texture": "#0"},
				"south": {"uv": [0, 0, 0, 0.5], "texture": "#0"},
				"west": {"uv": [7, 5.5, 9, 6], "texture": "#0"},
				"up": {"uv": [0, 2, 0, 0], "texture": "#0"},
				"down": {"uv": [0, 0, 0, 2], "texture": "#0"}
			}
		}
	],
	"display": {
		"thirdperson_righthand": {
			"translation": [0, 0, -0.25]
		},
		"thirdperson_lefthand": {
			"translation": [0, 0, -0.25]
		},
		"firstperson_righthand": {
			"translation": [2.5, 2, 0]
		},
		"firstperson_lefthand": {
			"translation": [2.75, 2, 0]
		},
		"ground": {
			"rotation": [45, 90, 45]
		},
		"gui": {
			"rotation": [-115.92, -38.23, -120.36],
			"translation": [-1.5, -1.75, 0]
		},
		"head": {
			"rotation": [-92.62, 28.07, -104.72],
			"translation": [0.25, 14.5, 1]
		},
		"fixed": {
			"rotation": [-90, 45, 90],
			"translation": [1, -1.75, -0.5]
		}
	}
}