{
	"credit": "Made with Blockbench",
	"texture_size": [32, 32],
	"textures": {
		"2": "item/trim"
	},
	"elements": [
		{
			"from": [3, 0, 6],
			"to": [12, 10, 10],
			"faces": {
				"north": {"uv": [4.5, 12, 6.75, 14.5], "texture": "#2"},
				"east": {"uv": [9.5, 2.5, 10.5, 5], "texture": "#2"},
				"south": {"uv": [6.75, 12, 4.5, 14.5], "texture": "#2"},
				"west": {"uv": [9.5, 2.5, 10.5, 5], "texture": "#2"},
				"up": {"uv": [6.75, 15.5, 4.5, 14.5], "texture": "#2"},
				"down": {"uv": [6.75, 14.5, 4.5, 15.5], "texture": "#2"}
			}
		}
	],
	"display": {
		"thirdperson_righthand": {
			"translation": [-4, 2, 0],
			"scale": [0.8, 0.8, 0.8]
		},
		"thirdperson_lefthand": {
			"translation": [-4, 2, 0],
			"scale": [0.8, 0.8, 0.8]
		},
		"firstperson_righthand": {
			"translation": [0, 2, 0]
		},
		"firstperson_lefthand": {
			"translation": [22.5, 0, 0]
		},
		"gui": {
			"rotation": [-30, -10, -40],
			"translation": [2, 2, 0]
		},
		"head": {
			"rotation": [90, 0, 0],
			"translation": [0.5, 8.25, 3]
		},
		"fixed": {
			"translation": [1, 6, -1.5],
			"scale": [2, 2, 2]
		}
	}
}