{
	"parent": "block/block",
	"textures": {
		"iron_bars": "block/iron_bars"
	},
	"elements": [
		{
			"from": [0, 0, 8],
			"to": [8, 16, 8],
			"rotation": {"angle": 0, "axis": "y", "origin": [8, 8, 8]},
			"faces": {
				"north": {"uv": [8, 0, 16, 16], "texture": "#iron_bars"},
				"south": {"uv": [16, 0, 8, 16], "texture": "#iron_bars"}
			}
		},
		{
			"from": [8, 0, 8],
			"to": [16, 16, 8],
			"rotation": {"angle": 0, "axis": "y", "origin": [8, 8, 8]},
			"faces": {
				"north": {"uv": [0, 0, 8, 16], "texture": "#iron_bars"},
				"south": {"uv": [8, 0, 0, 16], "texture": "#iron_bars"}
			}
		},
		{
			"from": [9, 0, 7],
			"to": [16, 16, 9],
			"rotation": {"angle": 0, "axis": "y", "origin": [8, 8, 8]},
			"faces": {
				"east": {"uv": [7, 0, 9, 16], "texture": "#iron_bars"}
			}
		},
		{
			"from": [7, 16, 7],
			"to": [9, 16, 9],
			"rotation": {"angle": 0, "axis": "y", "origin": [8, 8, 8]},
			"faces": {
				"up": {"uv": [7, 7, 9, 9], "rotation": 270, "texture": "#iron_bars"},
				"down": {"uv": [9, 7, 7, 9], "rotation": 90, "texture": "#iron_bars"}
			}
		},
		{
			"from": [7, 0.001, 7],
			"to": [9, 0.001, 9],
			"rotation": {"angle": 0, "axis": "y", "origin": [8, 8, 8]},
			"faces": {
				"up": {"uv": [7, 7, 9, 9], "rotation": 270, "texture": "#iron_bars"},
				"down": {"uv": [9, 7, 7, 9], "rotation": 90, "texture": "#iron_bars"}
			}
		},
		{
			"from": [0, 0, 7],
			"to": [7, 0, 9],
			"rotation": {"angle": 0, "axis": "y", "origin": [8, 8, 8]},
			"faces": {
				"up": {"uv": [7, 0, 9, 7], "rotation": 270, "texture": "#iron_bars"},
				"down": {"uv": [9, 0, 7, 7], "rotation": 90, "texture": "#iron_bars"}
			}
		},
		{
			"from": [9, 0, 7],
			"to": [16, 0, 9],
			"rotation": {"angle": 0, "axis": "y", "origin": [8, 8, 8]},
			"faces": {
				"up": {"uv": [7, 0, 9, 7], "rotation": 270, "texture": "#iron_bars"},
				"down": {"uv": [9, 9, 7, 16], "rotation": 90, "texture": "#iron_bars"}
			}
		},
		{
			"from": [0, 16, 7],
			"to": [7, 16, 9],
			"rotation": {"angle": 0, "axis": "y", "origin": [8, 8, 8]},
			"faces": {
				"up": {"uv": [7, 0, 9, 7], "rotation": 270, "texture": "#iron_bars"},
				"down": {"uv": [9, 0, 7, 7], "rotation": 90, "texture": "#iron_bars"}
			}
		},
		{
			"from": [9, 16, 7],
			"to": [16, 16, 9],
			"rotation": {"angle": 0, "axis": "y", "origin": [8, 8, 8]},
			"faces": {
				"up": {"uv": [7, 9, 9, 16], "rotation": 270, "texture": "#iron_bars"},
				"down": {"uv": [9, 0, 7, 7], "rotation": 90, "texture": "#iron_bars"}
			}
		},
		{
			"from": [0, 0, 7],
			"to": [7, 16, 9],
			"rotation": {"angle": 0, "axis": "y", "origin": [8, 8, 8]},
			"faces": {
				"west": {"uv": [7, 0, 9, 16], "texture": "#iron_bars", "cullface": "north"}
			}
		}
	],
	"display": {
        "fixed": {
            "rotation": [0, 0, 0],
            "translation": [0, 0, 0],
            "scale":[0.75, 0.75, 0.75]
		}
	}
}