{
  "parent": "item/templates/chestplate_tinted",
  "textures": {
    "all": "models/armor/leather_layer_1",
    "overlay": "models/armor/leather_layer_1_overlay"
  },
  "overrides": [
    {
      "model": "item/trims/leather_chestplate_quartz_trim",
      "predicate": {
        "trim_type": 0.1
      }
    },
    {
      "model": "item/trims/leather_chestplate_iron_trim",
      "predicate": {
        "trim_type": 0.2
      }
    },
    {
      "model": "item/trims/leather_chestplate_netherite_trim",
      "predicate": {
        "trim_type": 0.3
      }
    },
    {
      "model": "item/trims/leather_chestplate_redstone_trim",
      "predicate": {
        "trim_type": 0.4
      }
    },
    {
      "model": "item/trims/leather_chestplate_copper_trim",
      "predicate": {
        "trim_type": 0.5
      }
    },
    {
      "model": "item/trims/leather_chestplate_gold_trim",
      "predicate": {
        "trim_type": 0.6
      }
    },
    {
      "model": "item/trims/leather_chestplate_emerald_trim",
      "predicate": {
        "trim_type": 0.7
      }
    },
    {
      "model": "item/trims/leather_chestplate_diamond_trim",
      "predicate": {
        "trim_type": 0.8
      }
    },
    {
      "model": "item/trims/leather_chestplate_lapis_trim",
      "predicate": {
        "trim_type": 0.9
      }
    },
    {
      "model": "item/trims/leather_chestplate_amethyst_trim",
      "predicate": {
        "trim_type": 1.0
      }
    } 
  ]
}