{
	"parent": "item/templates/minecart",
	"texture_size": [64, 32],
	"textures": {
		"minecart": "entity/minecart"
	},
	"elements": [
		{
			"from": [0, 0, -2],
			"to": [16, 2, 18],
			"faces": {
				"north": {"uv": [0, 6, 0.5, 14], "rotation": 90, "texture": "#minecart"},
				"east": {"uv": [5.5, 5, 10.5, 6], "texture": "#minecart"},
				"south": {"uv": [5.5, 6, 6, 14], "rotation": 270, "texture": "#minecart"},
				"west": {"uv": [0.5, 5, 5.5, 6], "texture": "#minecart"},
				"up": {"uv": [6, 6, 11, 14], "rotation": 90, "texture": "#minecart"},
				"down": {"uv": [0.5, 6, 5.5, 14], "rotation": 90, "texture": "#minecart"}
			}
		},
		{
			"from": [0, 2, -2],
			"to": [16, 10, 0],
			"faces": {
				"north": {"uv": [5, 1, 9, 5], "texture": "#minecart"},
				"east": {"uv": [4.5, 1, 5, 5], "texture": "#minecart"},
				"south": {"uv": [0.5, 1, 4.5, 5], "texture": "#minecart"},
				"west": {"uv": [0, 1, 0.5, 5], "texture": "#minecart"},
				"up": {"uv": [0.5, 0, 4.5, 1], "texture": "#minecart"},
				"down": {"uv": [6, 6, 6.5, 14], "rotation": 270, "texture": "#minecart"}
			}
		},
		{
			"from": [0, 2, 16],
			"to": [16, 10, 18],
			"faces": {
				"north": {"uv": [0.5, 1, 4.5, 5], "texture": "#minecart"},
				"east": {"uv": [0, 1, 0.5, 5], "texture": "#minecart"},
				"south": {"uv": [5, 1, 9, 5], "texture": "#minecart"},
				"west": {"uv": [4.5, 1, 5, 5], "texture": "#minecart"},
				"up": {"uv": [0.5, 0, 4.5, 1], "rotation": 180, "texture": "#minecart"},
				"down": {"uv": [10.5, 6, 11, 14], "rotation": 270, "texture": "#minecart"}
			}
		},
		{
			"from": [14, 2, 0],
			"to": [16, 10, 16],
			"faces": {
				"north": {"uv": [5, 1, 4.5, 5], "texture": "#minecart"},
				"east": {"uv": [5, 1, 9, 5], "texture": "#minecart"},
				"south": {"uv": [0.5, 1, 0, 5], "texture": "#minecart"},
				"west": {"uv": [0.5, 1, 4.5, 5], "texture": "#minecart"},
				"up": {"uv": [0.5, 0, 4.5, 1], "rotation": 90, "texture": "#minecart"},
				"down": {"uv": [6.5, 13, 10.5, 14], "rotation": 270, "texture": "#minecart"}
			}
		},
		{
			"from": [0, 2, 0],
			"to": [2, 10, 16],
			"faces": {
				"north": {"uv": [4.5, 1, 5, 5], "texture": "#minecart"},
				"east": {"uv": [0.5, 1, 4.5, 5], "texture": "#minecart"},
				"south": {"uv": [0, 1, 0.5, 5], "texture": "#minecart"},
				"west": {"uv": [5, 1, 9, 5], "texture": "#minecart"},
				"up": {"uv": [0.5, 0, 4.5, 1], "rotation": 270, "texture": "#minecart"},
				"down": {"uv": [6.5, 6, 10.5, 7], "rotation": 270, "texture": "#minecart"}
			}
		}
	],
	"display": {
		"thirdperson_righthand": {
			"rotation": [30, -20, 0],
			"translation": [-0.5, 3.25, 0],
			"scale": [0.23, 0.23, 0.23]
		},
		"firstperson_righthand": {
			"rotation": [30, -20, 0],
			"translation": [0, 1, 0],
			"scale": [0.375, 0.375, 0.375]
		},
		"gui": {
			"rotation": [30, -45, 0],
			"translation": [0, 1, 0],
			"scale": [0.55, 0.55, 0.55]
		},
		"head": {
			"rotation": [0, 180, 0],
			"translation": [0, 12.5, 0]
		}
	}
}