{
	"credit": "Made with Blockbench",
	"texture_size": [32, 32],
	"textures": {
		"0": "item/netherite_shovel",
		"particle": "item/netherite_shovel"
	},
	"elements": [
		{
			"from": [7, 0, 8],
			"to": [9, 16, 10],
			"rotation": {"angle": 0, "axis": "y", "origin": [7, 0, 8]},
			"faces": {
				"north": {"uv": [0, 4.5, 1, 12.5], "texture": "#0"},
				"east": {"uv": [1, 4.5, 2, 12.5], "texture": "#0"},
				"south": {"uv": [2, 4.5, 3, 12.5], "texture": "#0"},
				"west": {"uv": [3, 4.5, 4, 12.5], "texture": "#0"},
				"up": {"uv": [5, 5.5, 4, 4.5], "texture": "#0"},
				"down": {"uv": [6, 4.5, 5, 5.5], "texture": "#0"}
			}
		},
		{
			"from": [5, 13, 9],
			"to": [11, 22, 9],
			"rotation": {"angle": 0, "axis": "y", "origin": [7, 0, 8]},
			"faces": {
				"north": {"uv": [0, 0, 3, 4.5], "texture": "#0"},
				"east": {"uv": [0, 0, 0, 4.5], "texture": "#0"},
				"south": {"uv": [3, 0, 6, 4.5], "texture": "#0"},
				"west": {"uv": [0, 0, 0, 4.5], "texture": "#0"},
				"up": {"uv": [3, 0, 0, 0], "texture": "#0"},
				"down": {"uv": [3, 0, 0, 0], "texture": "#0"}
			}
		},
		{
			"from": [7, 16, 8.5],
			"to": [9, 18, 9.5],
			"rotation": {"angle": 0, "axis": "y", "origin": [7, 16, 8.5]},
			"faces": {
				"north": {"uv": [4, 5.5, 5, 6.5], "texture": "#0"},
				"east": {"uv": [4, 5.5, 4.5, 6.5], "texture": "#0"},
				"south": {"uv": [4, 5.5, 5, 6.5], "texture": "#0"},
				"west": {"uv": [4, 5.5, 4.5, 6.5], "texture": "#0"},
				"up": {"uv": [4, 5.5, 5, 6], "texture": "#0"},
				"down": {"uv": [4, 5.5, 5, 6], "texture": "#0"}
			}
		}
	],
	"display": {
		"thirdperson_righthand": {
			"rotation": [0, 90, 0],
			"translation": [-1, 0, 0.75]
		},
		"thirdperson_lefthand": {
			"rotation": [0, 90, 0],
			"translation": [-1, 0, 0.75]
		},
		"firstperson_righthand": {
			"rotation": [0, 90, 0],
			"translation": [0, 2, 0]
		},
		"firstperson_lefthand": {
			"rotation": [0, 90, 0],
			"translation": [0, 2, 0]
		},
		"ground": {
			"rotation": [90, 0, 0]
		},
		"gui": {
			"rotation": [0, 0, -45],
			"translation": [-1.75, -1.75, 0]
		},
		"head": {
			"rotation": [-8.25, -22.5, -162],
			"translation": [-4.25, 15.5, -4.75]
		},
		"fixed": {
			"rotation": [0, 0, 45],
			"translation": [2, -2.75, -0.5]
		}
	}
}