{
	"credit": "Made with Blockbench",
	"texture_size": [32, 32],
	"textures": {
		"0": "item/netherite_axe",
		"particle": "item/netherite_axe"
	},
	"elements": [
		{
			"from": [7, 0, 8],
			"to": [9, 16, 10],
			"rotation": {"angle": 0, "axis": "y", "origin": [7, 0, 8]},
			"faces": {
				"north": {"uv": [4, 0, 5, 8], "texture": "#0"},
				"east": {"uv": [5, 0, 6, 8], "texture": "#0"},
				"south": {"uv": [0, 6, 1, 14], "texture": "#0"},
				"west": {"uv": [6, 0, 7, 8], "texture": "#0"},
				"up": {"uv": [2, 7, 1, 6], "texture": "#0"},
				"down": {"uv": [3, 6, 2, 7], "texture": "#0"}
			}
		},
		{
			"from": [8, 10, 3],
			"to": [8, 16, 11],
			"rotation": {"angle": 0, "axis": "y", "origin": [7, 0, 8]},
			"faces": {
				"north": {"uv": [0, 0, 0, 3], "texture": "#0"},
				"east": {"uv": [0, 0, 4, 3], "texture": "#0"},
				"south": {"uv": [0, 0, 0, 3], "texture": "#0"},
				"west": {"uv": [0, 3, 4, 6], "texture": "#0"},
				"up": {"uv": [0, 4, 0, 0], "texture": "#0"},
				"down": {"uv": [0, 0, 0, 4], "texture": "#0"}
			}
		},
		{
			"from": [7, -2, 8],
			"to": [9, 0, 10],
			"rotation": {"angle": 45, "axis": "y", "origin": [8, -2, 9]},
			"faces": {
				"north": {"uv": [3, 7, 4, 8], "texture": "#0"},
				"east": {"uv": [7, 3, 8, 4], "texture": "#0"},
				"south": {"uv": [7, 4, 8, 5], "texture": "#0"},
				"west": {"uv": [7, 5, 8, 6], "texture": "#0"},
				"up": {"uv": [8, 7, 7, 6], "texture": "#0"},
				"down": {"uv": [8, 7, 7, 8], "texture": "#0"}
			}
		},
		{
			"from": [8, 12.5, 5],
			"to": [8.5, 14.5, 7],
			"rotation": {"angle": 0, "axis": "z", "origin": [8, 13.5, 6]},
			"faces": {
				"north": {"uv": [7, 0, 8, 0.25], "rotation": 270, "texture": "#0"},
				"east": {"uv": [7, 0, 8, 1], "rotation": 90, "texture": "#0"},
				"south": {"uv": [7, 0, 8, 0.25], "rotation": 90, "texture": "#0"},
				"west": {"uv": [7, 0, 8, 1], "rotation": 90, "texture": "#0"},
				"up": {"uv": [7, 0, 8, 0.25], "rotation": 90, "texture": "#0"},
				"down": {"uv": [7, 0, 8, 0.25], "rotation": 90, "texture": "#0"}
			}
		},
		{
			"from": [7.5, 12.5, 5],
			"to": [8, 14.5, 7],
			"rotation": {"angle": 0, "axis": "z", "origin": [7.5, 13.5, 6]},
			"faces": {
				"north": {"uv": [7, 0, 8, 0.25], "rotation": 270, "texture": "#0"},
				"east": {"uv": [7, 0, 8, 1], "rotation": 90, "texture": "#0"},
				"south": {"uv": [7, 0, 8, 0.25], "rotation": 90, "texture": "#0"},
				"west": {"uv": [7, 0, 8, 1], "rotation": 90, "texture": "#0"},
				"up": {"uv": [7, 0, 8, 0.25], "rotation": 90, "texture": "#0"},
				"down": {"uv": [7, 0, 8, 0.25], "rotation": 90, "texture": "#0"}
			}
		},
		{
			"from": [8, 13, 11],
			"to": [8, 15, 12],
			"rotation": {"angle": 0, "axis": "y", "origin": [7, 13, 10]},
			"faces": {
				"north": {"uv": [0, 0, 0, 1], "texture": "#0"},
				"east": {"uv": [4.5, 0.5, 5, 1.5], "texture": "#0"},
				"south": {"uv": [0, 0, 0, 1], "texture": "#0"},
				"west": {"uv": [4.5, 0.5, 5, 1.5], "texture": "#0"},
				"up": {"uv": [0, 0, 0, 0.5], "texture": "#0"},
				"down": {"uv": [0, 0, 0, 0.5], "texture": "#0"}
			}
		}
	],
	"display": {
		"thirdperson_righthand": {
			"translation": [0, 2.75, -0.25]
		},
		"thirdperson_lefthand": {
			"translation": [0, 2.75, -0.25]
		},
		"firstperson_righthand": {
			"translation": [0, 2.75, 0]
		},
		"firstperson_lefthand": {
			"translation": [0, 2.75, 0]
		},
		"ground": {
			"rotation": [90, 90, 0]
		},
		"gui": {
			"rotation": [-90, -45, -90]
		},
		"head": {
			"rotation": [-77.37, 29, -106.31],
			"translation": [3, 11.75, 0]
		},
		"fixed": {
			"rotation": [-90, 45, 90]
		}
	}
}