{
	"credit": "Made with Blockbench",
	"texture_size": [32, 32],
	"textures": {
		"2": "item/trim"
	},
	"elements": [
		{
			"from": [3, 0, 6],
			"to": [12, 10, 10],
			"faces": {
				"north": {"uv": [2.25, 3.5, 4.5, 6], "texture": "#2"},
				"east": {"uv": [15, 0, 16, 2.5], "texture": "#2"},
				"south": {"uv": [4.5, 3.5, 2.25, 6], "texture": "#2"},
				"west": {"uv": [15, 0, 16, 2.5], "texture": "#2"},
				"up": {"uv": [2.25, 14.5, 0, 13.5], "texture": "#2"},
				"down": {"uv": [2.25, 13.5, 0, 14.5], "texture": "#2"}
			}
		}
	],
	"display": {
		"thirdperson_righthand": {
			"translation": [-4, 2, 0],
			"scale": [0.8, 0.8, 0.8]
		},
		"thirdperson_lefthand": {
			"translation": [-4, 2, 0],
			"scale": [0.8, 0.8, 0.8]
		},
		"firstperson_righthand": {
			"translation": [0, 2, 0]
		},
		"firstperson_lefthand": {
			"translation": [22.5, 0, 0]
		},
		"gui": {
			"rotation": [-30, -10, -40],
			"translation": [2, 2, 0]
		},
		"head": {
			"rotation": [90, 0, 0],
			"translation": [0.5, 8.25, 3]
		},
		"fixed": {
			"translation": [1, 6, -1.5],
			"scale": [2, 2, 2]
		}
	}
}