{
	"credit": "Made with Blockbench",
	"texture_size": [32, 32],
	"textures": {
		"0": "item/stone_axe",
		"particle": "item/stone_axe"
	},
	"elements": [
		{
			"from": [7, 0, 8],
			"to": [9, 16, 10],
			"rotation": {"angle": 0, "axis": "y", "origin": [7, 0, 8]},
			"faces": {
				"north": {"uv": [4, 0, 5, 8], "texture": "#0"},
				"east": {"uv": [5, 0, 6, 8], "texture": "#0"},
				"south": {"uv": [0, 6, 1, 14], "texture": "#0"},
				"west": {"uv": [6, 0, 7, 8], "texture": "#0"},
				"up": {"uv": [2, 7, 1, 6], "texture": "#0"},
				"down": {"uv": [3, 6, 2, 7], "texture": "#0"}
			}
		},
		{
			"from": [8, 10, 3],
			"to": [8, 16, 11],
			"rotation": {"angle": 0, "axis": "y", "origin": [7, 0, 8]},
			"faces": {
				"north": {"uv": [0, 0, 0, 3], "texture": "#0"},
				"east": {"uv": [0, 0, 4, 3], "texture": "#0"},
				"south": {"uv": [0, 0, 0, 3], "texture": "#0"},
				"west": {"uv": [0, 3, 4, 6], "texture": "#0"},
				"up": {"uv": [0, 4, 0, 0], "texture": "#0"},
				"down": {"uv": [0, 0, 0, 4], "texture": "#0"}
			}
		}
	],
	"display": {
		"thirdperson_righthand": {
			"translation": [0, 2.75, -0.25]
		},
		"thirdperson_lefthand": {
			"translation": [0, 2.75, -0.25]
		},
		"firstperson_righthand": {
			"translation": [0, 2.75, 0]
		},
		"firstperson_lefthand": {
			"translation": [0, 2.75, 0]
		},
		"ground": {
			"rotation": [0, 0, 91]
		},
		"gui": {
			"rotation": [-90, -43.75, -90]
		},
		"head": {
			"rotation": [-89.62, 23.36, -78.63],
			"translation": [-0.75, 11, 0]
		},
		"fixed": {
			"rotation": [-90, 44.75, 90]
		}
	}
}