{
	"credit": "Made with Blockbench",
	"texture_size": [32, 32],
	"textures": {
		"1": "item/stone_sword"
	},
	"elements": [
		{
			"from": [0, 2, 0],
			"to": [2, 8, 2],
			"rotation": {"angle": 0, "axis": "y", "origin": [0, 2, 0]},
			"faces": {
				"north": {"uv": [5.5, 0, 6.5, 3], "texture": "#1"},
				"east": {"uv": [5.5, 3, 6.5, 6], "texture": "#1"},
				"south": {"uv": [4, 6, 5, 9], "texture": "#1"},
				"west": {"uv": [5, 6, 6, 9], "texture": "#1"},
				"up": {"uv": [1, 9, 0, 8], "texture": "#1"},
				"down": {"uv": [2, 8, 1, 9], "texture": "#1"}
			}
		},
		{
			"from": [1, 8, -0.5],
			"to": [1, 24, 3.5],
			"rotation": {"angle": 0, "axis": "y", "origin": [0, 12, 0]},
			"faces": {
				"north": {"uv": [0, 0, 0, 8], "texture": "#1"},
				"east": {"uv": [0, 0, 2, 8], "texture": "#1"},
				"south": {"uv": [0, 0, 0, 8], "texture": "#1"},
				"west": {"uv": [2, 0, 4, 8], "texture": "#1"},
				"up": {"uv": [0, 2, 0, 0], "texture": "#1"},
				"down": {"uv": [0, 0, 0, 2], "texture": "#1"}
			}
		},
		{
			"from": [0, 0, 0],
			"to": [2, 2, 2],
			"rotation": {"angle": 45, "axis": "y", "origin": [1, 1, 1]},
			"faces": {
				"north": {"uv": [2, 8, 3, 9], "texture": "#1"},
				"east": {"uv": [8, 2.5, 9, 3.5], "texture": "#1"},
				"south": {"uv": [3, 8, 4, 9], "texture": "#1"},
				"west": {"uv": [8, 3.5, 9, 4.5], "texture": "#1"},
				"up": {"uv": [9, 5.5, 8, 4.5], "texture": "#1"},
				"down": {"uv": [9.5, 5.5, 8.5, 6.5], "texture": "#1"}
			}
		},
		{
			"from": [-0.5, 2, 2],
			"to": [2.5, 8, 4],
			"rotation": {"angle": 0, "axis": "y", "origin": [-0.5, 2, 2]},
			"faces": {
				"north": {"uv": [4, 0, 5.5, 3], "texture": "#1"},
				"east": {"uv": [6, 6, 7, 9], "texture": "#1"},
				"south": {"uv": [4, 3, 5.5, 6], "texture": "#1"},
				"west": {"uv": [6.5, 0, 7.5, 3], "texture": "#1"},
				"up": {"uv": [9, 2.5, 7.5, 1.5], "texture": "#1"},
				"down": {"uv": [8.5, 7.5, 7, 8.5], "texture": "#1"}
			}
		},
		{
			"from": [-0.5, 8, -1],
			"to": [2.5, 8, 2],
			"rotation": {"angle": 0, "axis": "y", "origin": [-0.5, 2, 0]},
			"faces": {
				"north": {"uv": [0, 0, 1.5, 0], "texture": "#1"},
				"east": {"uv": [0, 0, 1.5, 0], "texture": "#1"},
				"south": {"uv": [0, 0, 1.5, 0], "texture": "#1"},
				"west": {"uv": [0, 0, 1.5, 0], "texture": "#1"},
				"up": {"uv": [8.5, 7.5, 7, 6], "texture": "#1"},
				"down": {"uv": [9, 0, 7.5, 1.5], "texture": "#1"}
			}
		},
		{
			"from": [-0.5, 2, -1],
			"to": [2.5, 2, 2],
			"rotation": {"angle": 0, "axis": "y", "origin": [-0.5, -4, 0]},
			"faces": {
				"north": {"uv": [0, 0, 1.5, 0], "texture": "#1"},
				"east": {"uv": [0, 0, 1.5, 0], "texture": "#1"},
				"south": {"uv": [0, 0, 1.5, 0], "texture": "#1"},
				"west": {"uv": [0, 0, 1.5, 0], "texture": "#1"},
				"up": {"uv": [8, 4.5, 6.5, 3], "texture": "#1"},
				"down": {"uv": [8, 4.5, 6.5, 6], "texture": "#1"}
			}
		}
	],
	"display": {
		"thirdperson_righthand": {
			"rotation": [0, 180, 0],
			"translation": [-7, 1, -6.25]
		},
		"thirdperson_lefthand": {
			"rotation": [0, 180, 0],
			"translation": [7, 1, -6.25]
		},
		"firstperson_righthand": {
			"rotation": [0, -175, 0],
			"translation": [-3, 0, -9]
		},
		"firstperson_lefthand": {
			"rotation": [0, -175, 0],
			"translation": [10.5, 0, -9]
		},
		"ground": {
			"rotation": [90, -90, 0],
			"translation": [-5.75, -9.75, -2.5]
		},
		"gui": {
			"rotation": [90, 45, -90],
			"translation": [1.5, -6, 0],
			"scale": [0.75, 0.75, 0.75]
		},
		"head": {
			"rotation": [90, 0, -90],
			"translation": [-7, -6, -7]
		},
		"fixed": {
			"rotation": [90, -45, 90],
			"translation": [-2.5, -8, 7]
		}
	}
}