{
    "parent": "item/templates/tall_cross",
	"textures": {
		"bottom": "block/sunflower_bottom",
		"top": "block/sunflower_top",
		"back": "block/sunflower_back",
		"front": "block/sunflower_front",
		"particle": "block/sunflower_front"
	},
	"elements": [
		{
			"from": [0.8, 0, 8],
			"to": [15.2, 16, 8],
			"shade": false,
			"rotation": {"angle": 45, "axis": "y", "origin": [8, 8, 8], "rescale": true},
			"faces": {
				"north": {"uv": [0, 0, 16, 16], "texture": "#bottom"},
				"south": {"uv": [0, 0, 16, 16], "texture": "#bottom"}
			}
		},
		{
			"from": [8, 0, 0.8],
			"to": [8, 16, 15.2],
			"shade": false,
			"rotation": {"angle": 45, "axis": "y", "origin": [8, 8, 8], "rescale": true},
			"faces": {
				"east": {"uv": [0, 0, 16, 16], "texture": "#bottom"},
				"west": {"uv": [0, 0, 16, 16], "texture": "#bottom"}
			}
		},
		{
			"from": [0.8, 16, 8],
			"to": [15.2, 24, 8],
			"shade": false,
			"rotation": {"angle": 45, "axis": "y", "origin": [8, 24, 8], "rescale": true},
			"faces": {
				"north": {"uv": [0, 8, 16, 16], "texture": "#top"},
				"south": {"uv": [0, 8, 16, 16], "texture": "#top"}
			}
		},
		{
			"from": [8, 16, 0.8],
			"to": [8, 24, 15.2],
			"shade": false,
			"rotation": {"angle": 45, "axis": "y", "origin": [8, 24, 8], "rescale": true},
			"faces": {
				"east": {"uv": [0, 8, 16, 16], "texture": "#top"},
				"west": {"uv": [0, 8, 16, 16], "texture": "#top"}
			}
		},
		{
			"from": [9.6, 15, 1],
			"to": [9.6, 31, 15],
			"shade": false,
			"rotation": {"angle": 22.5, "axis": "z", "origin": [8, 24, 8], "rescale": true},
			"faces": {
				"east": {"uv": [0, 0, 16, 16], "texture": "#front"},
				"west": {"uv": [0, 0, 16, 16], "texture": "#back"}
			}
		}
	],
    "gui_light": "front",
    "display": {
        "gui": {
            "rotation": [ 30, 270, 0 ],
            "translation": [ 0, -3, 0],
            "scale":[ 0.45, 0.45, 0.45 ]
        },
		"fixed": {
			"rotation": [0, 90, 0],
			"translation": [0, -4, 0],
			"scale": [0.5, 0.5, 0.5]
        },
		"firstperson_righthand": {
			"rotation": [0, 225, 0],
			"scale": [0.4, 0.4, 0.4]
        }
    }
}
